row_id,complex_id,mutation_group_id,mutation_count,entity_side,ddg_kcal_mol,structure_source,signature,complex_class,source_mutation,mutation_tokens,partners,protein_1,protein_2,antibody_chains,antigen_chains,structure_mappable,stable_run_candidate,core_v1_eligible,core_v2_eligible,exclusion_codes
1ak4_0001,1AK4,1ak4_0001,7,other,0.57,experimental,"D:L483T,D:V486P,D:H487A,D:A488M,D:I491L,D:A492P,D:M496I",other,"D:L483T,D:V486P,D:H487A,D:A488M,D:I491L,D:A492P,D:M496I","D:L483T,D:V486P,D:H487A,D:A488M,D:I491L,D:A492P,D:M496I",A_D,huCyc-A,HIV-1 CAPSID (N-Term),,,true,true,False,False,non_antibody_antigen;unsupported_mutation_count
1ak4_0002,1AK4,1ak4_0002,1,other,2.49,experimental,D:A488G,other,D:A488G,D:A488G,A_D,huCyc-A,HIV-1 CAPSID (N-Term),,,true,true,False,False,non_antibody_antigen
1ak4_0003,1AK4,1ak4_0003,1,other,0.6,experimental,D:A488V,other,D:A488V,D:A488V,A_D,huCyc-A,HIV-1 CAPSID (N-Term),,,true,true,False,False,non_antibody_antigen
1ak4_0004,1AK4,1ak4_0004,1,other,0.41,experimental,D:A492G,other,D:A492G,D:A492G,A_D,huCyc-A,HIV-1 CAPSID (N-Term),,,true,true,False,False,non_antibody_antigen
1ak4_0005,1AK4,1ak4_0005,1,other,0.19,experimental,D:A492V,other,D:A492V,D:A492V,A_D,huCyc-A,HIV-1 CAPSID (N-Term),,,true,true,False,False,non_antibody_antigen
1ak4_0006,1AK4,1ak4_0006,1,other,1.91,experimental,D:G489A,other,D:G489A,D:G489A,A_D,huCyc-A,HIV-1 CAPSID (N-Term),,,true,true,False,False,non_antibody_antigen
1ak4_0007,1AK4,1ak4_0007,1,other,2.86,experimental,D:G489V,other,D:G489V,D:G489V,A_D,huCyc-A,HIV-1 CAPSID (N-Term),,,true,true,False,False,non_antibody_antigen
1ak4_0008,1AK4,1ak4_0008,1,other,0.84,experimental,D:H487A,other,D:H487A,D:H487A,A_D,huCyc-A,HIV-1 CAPSID (N-Term),,,true,true,False,False,non_antibody_antigen
1ak4_0009,1AK4,1ak4_0009,1,other,0.8,experimental,D:H487Q,other,D:H487Q,D:H487Q,A_D,huCyc-A,HIV-1 CAPSID (N-Term),,,true,true,False,False,non_antibody_antigen
1ak4_0010,1AK4,1ak4_0010,1,other,1.48,experimental,D:H487R,other,D:H487R,D:H487R,A_D,huCyc-A,HIV-1 CAPSID (N-Term),,,true,true,False,False,non_antibody_antigen
1ak4_0011,1AK4,1ak4_0011,1,other,0.07,experimental,D:I491A,other,D:I491A,D:I491A,A_D,huCyc-A,HIV-1 CAPSID (N-Term),,,true,true,False,False,non_antibody_antigen
1ak4_0012,1AK4,1ak4_0012,1,other,-0.17,experimental,D:I491V,other,D:I491V,D:I491V,A_D,huCyc-A,HIV-1 CAPSID (N-Term),,,true,true,False,False,non_antibody_antigen
1ak4_0013,1AK4,1ak4_0013,1,other,0.92,experimental,D:P485A,other,D:P485A,D:P485A,A_D,huCyc-A,HIV-1 CAPSID (N-Term),,,true,true,False,False,non_antibody_antigen
1ak4_0014,1AK4,1ak4_0014,1,other,2,experimental,D:P490A,other,D:P490A,D:P490A,A_D,huCyc-A,HIV-1 CAPSID (N-Term),,,true,true,False,False,non_antibody_antigen
1ak4_0015,1AK4,1ak4_0015,1,other,2.86,experimental,D:P490V,other,D:P490V,D:P490V,A_D,huCyc-A,HIV-1 CAPSID (N-Term),,,true,true,False,False,non_antibody_antigen
1ak4_0016,1AK4,1ak4_0016,1,other,0.51,experimental,D:P493A,other,D:P493A,D:P493A,A_D,huCyc-A,HIV-1 CAPSID (N-Term),,,true,true,False,False,non_antibody_antigen
1ak4_0017,1AK4,1ak4_0017,1,other,0.82,experimental,D:V486A,other,D:V486A,D:V486A,A_D,huCyc-A,HIV-1 CAPSID (N-Term),,,true,true,False,False,non_antibody_antigen
1bj1_0018,1BJ1,1bj1_0018,1,antigen,0,experimental,V:F17A@antigen,antibody-antigen,V:F17A,V:F17A@antigen,HL_VW,VEGF,Neutralizing mAb (fab-12),HL,VW,true,true,True,True,
1bj1_0019,1BJ1,1bj1_0019,1,antigen,0,experimental,V:Y21A@antigen,antibody-antigen,V:Y21A,V:Y21A@antigen,HL_VW,VEGF,Neutralizing mAb (fab-12),HL,VW,true,true,True,True,
1bj1_0020,1BJ1,1bj1_0020,1,antigen,0.82,experimental,W:E93A@antigen,antibody-antigen,W:E93A,W:E93A@antigen,HL_VW,VEGF,Neutralizing mAb (fab-12),HL,VW,true,true,False,False,charge_changing_v1
1bj1_0021,1BJ1,1bj1_0021,1,antigen,2.76,experimental,W:G88A@antigen,antibody-antigen,W:G88A,W:G88A@antigen,HL_VW,VEGF,Neutralizing mAb (fab-12),HL,VW,true,true,True,True,
1bj1_0022,1BJ1,1bj1_0022,1,antigen,3.69,experimental,W:G92A@antigen,antibody-antigen,W:G92A,W:G92A@antigen,HL_VW,VEGF,Neutralizing mAb (fab-12),HL,VW,true,true,True,True,
1bj1_0023,1BJ1,1bj1_0023,1,antigen,0,experimental,W:H86A@antigen,antibody-antigen,W:H86A,W:H86A@antigen,HL_VW,VEGF,Neutralizing mAb (fab-12),HL,VW,true,true,True,True,
1bj1_0024,1BJ1,1bj1_0024,1,antigen,0,experimental,W:H90A@antigen,antibody-antigen,W:H90A,W:H90A@antigen,HL_VW,VEGF,Neutralizing mAb (fab-12),HL,VW,true,true,True,True,
1bj1_0025,1BJ1,1bj1_0025,1,antigen,0.82,experimental,W:I80A@antigen,antibody-antigen,W:I80A,W:I80A@antigen,HL_VW,VEGF,Neutralizing mAb (fab-12),HL,VW,true,true,True,True,
1bj1_0026,1BJ1,1bj1_0026,1,antigen,3.69,experimental,W:I83A@antigen,antibody-antigen,W:I83A,W:I83A@antigen,HL_VW,VEGF,Neutralizing mAb (fab-12),HL,VW,true,true,True,True,
1bj1_0027,1BJ1,1bj1_0027,1,antigen,0.41,experimental,W:I91A@antigen,antibody-antigen,W:I91A,W:I91A@antigen,HL_VW,VEGF,Neutralizing mAb (fab-12),HL,VW,true,true,True,True,
1bj1_0028,1BJ1,1bj1_0028,1,antigen,0.41,experimental,W:K48A@antigen,antibody-antigen,W:K48A,W:K48A@antigen,HL_VW,VEGF,Neutralizing mAb (fab-12),HL,VW,true,true,False,False,charge_changing_v1
1bj1_0029,1BJ1,1bj1_0029,1,antigen,0.65,experimental,W:K84A@antigen,antibody-antigen,W:K84A,W:K84A@antigen,HL_VW,VEGF,Neutralizing mAb (fab-12),HL,VW,true,true,False,False,charge_changing_v1
1bj1_0030,1BJ1,1bj1_0030,1,antigen,3.69,experimental,W:M81A@antigen,antibody-antigen,W:M81A,W:M81A@antigen,HL_VW,VEGF,Neutralizing mAb (fab-12),HL,VW,true,true,True,True,
1bj1_0031,1BJ1,1bj1_0031,1,antigen,1.42,experimental,W:M94A@antigen,antibody-antigen,W:M94A,W:M94A@antigen,HL_VW,VEGF,Neutralizing mAb (fab-12),HL,VW,true,true,True,True,
1bj1_0032,1BJ1,1bj1_0032,1,antigen,0,experimental,W:Q79A@antigen,antibody-antigen,W:Q79A,W:Q79A@antigen,HL_VW,VEGF,Neutralizing mAb (fab-12),HL,VW,true,true,True,True,
1bj1_0033,1BJ1,1bj1_0033,1,antigen,0,experimental,W:Q87A@antigen,antibody-antigen,W:Q87A,W:Q87A@antigen,HL_VW,VEGF,Neutralizing mAb (fab-12),HL,VW,true,true,True,True,
1bj1_0034,1BJ1,1bj1_0034,1,antigen,1.75,experimental,W:Q89A@antigen,antibody-antigen,W:Q89A,W:Q89A@antigen,HL_VW,VEGF,Neutralizing mAb (fab-12),HL,VW,true,true,True,True,
1bj1_0035,1BJ1,1bj1_0035,1,antigen,3.69,experimental,W:R82A@antigen,antibody-antigen,W:R82A,W:R82A@antigen,HL_VW,VEGF,Neutralizing mAb (fab-12),HL,VW,true,true,False,False,charge_changing_v1
1bj1_0036,1BJ1,1bj1_0036,1,antigen,0.82,experimental,W:Y45A@antigen,antibody-antigen,W:Y45A,W:Y45A@antigen,HL_VW,VEGF,Neutralizing mAb (fab-12),HL,VW,true,true,True,True,
1cz8_0037,1CZ8,1cz8_0037,1,antigen,0,experimental,V:F17A@antigen,antibody-antigen,V:F17A,V:F17A@antigen,HL_VW,VEGF,affinity matured mAb (Y0317),HL,VW,true,true,True,True,
1cz8_0038,1CZ8,1cz8_0038,1,antigen,0,experimental,V:Y21A@antigen,antibody-antigen,V:Y21A,V:Y21A@antigen,HL_VW,VEGF,affinity matured mAb (Y0317),HL,VW,true,true,True,True,
1cz8_0039,1CZ8,1cz8_0039,1,antigen,1.15,experimental,W:E93A@antigen,antibody-antigen,W:E93A,W:E93A@antigen,HL_VW,VEGF,affinity matured mAb (Y0317),HL,VW,true,true,False,False,charge_changing_v1
1cz8_0040,1CZ8,1cz8_0040,1,antigen,2.67,experimental,W:G88A@antigen,antibody-antigen,W:G88A,W:G88A@antigen,HL_VW,VEGF,affinity matured mAb (Y0317),HL,VW,true,true,True,True,
1cz8_0041,1CZ8,1cz8_0041,1,antigen,4.1,experimental,W:G92A@antigen,antibody-antigen,W:G92A,W:G92A@antigen,HL_VW,VEGF,affinity matured mAb (Y0317),HL,VW,true,true,True,True,
1cz8_0042,1CZ8,1cz8_0042,1,antigen,0,experimental,W:H86A@antigen,antibody-antigen,W:H86A,W:H86A@antigen,HL_VW,VEGF,affinity matured mAb (Y0317),HL,VW,true,true,True,True,
1cz8_0043,1CZ8,1cz8_0043,1,antigen,0,experimental,W:H90A@antigen,antibody-antigen,W:H90A,W:H90A@antigen,HL_VW,VEGF,affinity matured mAb (Y0317),HL,VW,true,true,True,True,
1cz8_0044,1CZ8,1cz8_0044,1,antigen,0.95,experimental,W:I80A@antigen,antibody-antigen,W:I80A,W:I80A@antigen,HL_VW,VEGF,affinity matured mAb (Y0317),HL,VW,true,true,True,True,
1cz8_0045,1CZ8,1cz8_0045,1,antigen,1.3,experimental,W:I83A@antigen,antibody-antigen,W:I83A,W:I83A@antigen,HL_VW,VEGF,affinity matured mAb (Y0317),HL,VW,true,true,True,True,
1cz8_0046,1CZ8,1cz8_0046,1,antigen,1.06,experimental,W:I91A@antigen,antibody-antigen,W:I91A,W:I91A@antigen,HL_VW,VEGF,affinity matured mAb (Y0317),HL,VW,true,true,True,True,
1cz8_0047,1CZ8,1cz8_0047,1,antigen,0,experimental,W:K48A@antigen,antibody-antigen,W:K48A,W:K48A@antigen,HL_VW,VEGF,affinity matured mAb (Y0317),HL,VW,true,true,False,False,charge_changing_v1
1cz8_0048,1CZ8,1cz8_0048,1,antigen,1.36,experimental,W:K84A@antigen,antibody-antigen,W:K84A,W:K84A@antigen,HL_VW,VEGF,affinity matured mAb (Y0317),HL,VW,true,true,False,False,charge_changing_v1
1cz8_0049,1CZ8,1cz8_0049,1,antigen,4.1,experimental,W:M81A@antigen,antibody-antigen,W:M81A,W:M81A@antigen,HL_VW,VEGF,affinity matured mAb (Y0317),HL,VW,true,true,True,True,
1cz8_0050,1CZ8,1cz8_0050,1,antigen,1.91,experimental,W:M94A@antigen,antibody-antigen,W:M94A,W:M94A@antigen,HL_VW,VEGF,affinity matured mAb (Y0317),HL,VW,true,true,True,True,
1cz8_0051,1CZ8,1cz8_0051,1,antigen,0.65,experimental,W:Q79A@antigen,antibody-antigen,W:Q79A,W:Q79A@antigen,HL_VW,VEGF,affinity matured mAb (Y0317),HL,VW,true,true,True,True,
1cz8_0052,1CZ8,1cz8_0052,1,antigen,0,experimental,W:Q87A@antigen,antibody-antigen,W:Q87A,W:Q87A@antigen,HL_VW,VEGF,affinity matured mAb (Y0317),HL,VW,true,true,True,True,
1cz8_0053,1CZ8,1cz8_0053,1,antigen,1.06,experimental,W:Q89A@antigen,antibody-antigen,W:Q89A,W:Q89A@antigen,HL_VW,VEGF,affinity matured mAb (Y0317),HL,VW,true,true,True,True,
1cz8_0054,1CZ8,1cz8_0054,1,antigen,0.82,experimental,W:R82A@antigen,antibody-antigen,W:R82A,W:R82A@antigen,HL_VW,VEGF,affinity matured mAb (Y0317),HL,VW,true,true,False,False,charge_changing_v1
1cz8_0055,1CZ8,1cz8_0055,1,antigen,1.94,experimental,W:Y45A@antigen,antibody-antigen,W:Y45A,W:Y45A@antigen,HL_VW,VEGF,affinity matured mAb (Y0317),HL,VW,true,true,True,True,
1dqj_0056,1DQJ,1dqj_0056,2,mixed,2.5,experimental,H:D32A@antibody;C:K97A@antigen,antibody-antigen,"H:D32A,C:K97A",H:D32A@antibody;C:K97A@antigen,C_HL,HYHEL-63,Lysozyme,HL,C,true,true,False,False,double_cross_side;charge_changing_v2
1dqj_0057,1DQJ,1dqj_0057,2,mixed,6.6,experimental,H:W98A@antibody;C:K97A@antigen,antibody-antigen,"H:W98A,C:K97A",H:W98A@antibody;C:K97A@antigen,C_HL,HYHEL-63,Lysozyme,HL,C,true,true,False,False,double_cross_side;charge_changing_v2
1dqj_0058,1DQJ,1dqj_0058,2,mixed,5.3,experimental,H:W98A@antibody;C:S100A@antigen,antibody-antigen,"H:W98A,C:S100A",H:W98A@antibody;C:S100A@antigen,C_HL,HYHEL-63,Lysozyme,HL,C,true,true,False,False,double_cross_side
1dqj_0059,1DQJ,1dqj_0059,2,mixed,5.1,experimental,H:W98A@antibody;C:Y20A@antigen,antibody-antigen,"H:W98A,C:Y20A",H:W98A@antibody;C:Y20A@antigen,C_HL,HYHEL-63,Lysozyme,HL,C,true,true,False,False,double_cross_side
1dqj_0060,1DQJ,1dqj_0060,2,mixed,2.7,experimental,H:Y53A@antibody;C:D101A@antigen,antibody-antigen,"H:Y53A,C:D101A",H:Y53A@antibody;C:D101A@antigen,C_HL,HYHEL-63,Lysozyme,HL,C,true,true,False,False,double_cross_side;charge_changing_v2
1dqj_0061,1DQJ,1dqj_0061,2,mixed,1.2,experimental,H:Y53A@antibody;C:L75A@antigen,antibody-antigen,"H:Y53A,C:L75A",H:Y53A@antibody;C:L75A@antigen,C_HL,HYHEL-63,Lysozyme,HL,C,true,true,False,False,double_cross_side
1dqj_0062,1DQJ,1dqj_0062,2,mixed,1.3,experimental,H:Y53A@antibody;C:W62A@antigen,antibody-antigen,"H:Y53A,C:W62A",H:Y53A@antibody;C:W62A@antigen,C_HL,HYHEL-63,Lysozyme,HL,C,true,true,False,False,double_cross_side
1dqj_0063,1DQJ,1dqj_0063,2,mixed,2.2,experimental,H:Y53A@antibody;C:W63A@antigen,antibody-antigen,"H:Y53A,C:W63A",H:Y53A@antibody;C:W63A@antigen,C_HL,HYHEL-63,Lysozyme,HL,C,true,true,False,False,double_cross_side
1dqj_0064,1DQJ,1dqj_0064,2,mixed,5.8,experimental,L:N32A@antibody;C:K96A@antigen,antibody-antigen,"L:N32A,C:K96A",L:N32A@antibody;C:K96A@antigen,C_HL,HYHEL-63,Lysozyme,HL,C,true,true,False,False,double_cross_side;charge_changing_v2
1dqj_0065,1DQJ,1dqj_0065,2,mixed,3.2,experimental,L:S91A@antibody;C:R21A@antigen,antibody-antigen,"L:S91A,C:R21A",L:S91A@antibody;C:R21A@antigen,C_HL,HYHEL-63,Lysozyme,HL,C,true,true,False,False,double_cross_side;charge_changing_v2
1dqj_0066,1DQJ,1dqj_0066,2,mixed,3.6,experimental,L:S91A@antibody;C:Y20A@antigen,antibody-antigen,"L:S91A,C:Y20A",L:S91A@antibody;C:Y20A@antigen,C_HL,HYHEL-63,Lysozyme,HL,C,true,true,False,False,double_cross_side
1dqj_0067,1DQJ,1dqj_0067,2,mixed,3.5,experimental,L:Y96A@antibody;C:R21A@antigen,antibody-antigen,"L:Y96A,C:R21A",L:Y96A@antibody;C:R21A@antigen,C_HL,HYHEL-63,Lysozyme,HL,C,true,true,False,False,double_cross_side;charge_changing_v2
1dqj_0068,1DQJ,1dqj_0068,2,mixed,0.9,experimental,L:Y96A@antibody;C:S100A@antigen,antibody-antigen,"L:Y96A,C:S100A",L:Y96A@antibody;C:S100A@antigen,C_HL,HYHEL-63,Lysozyme,HL,C,true,true,False,False,double_cross_side
1dqj_0069,1DQJ,1dqj_0069,1,antigen,1.3,experimental,C:D101A@antigen,antibody-antigen,C:D101A,C:D101A@antigen,C_HL,HYHEL-63,Lysozyme,HL,C,true,true,False,False,charge_changing_v1
1dqj_0070,1DQJ,1dqj_0070,1,antigen,6.1,experimental,C:K96A@antigen,antibody-antigen,C:K96A,C:K96A@antigen,C_HL,HYHEL-63,Lysozyme,HL,C,true,true,False,False,charge_changing_v1
1dqj_0071,1DQJ,1dqj_0071,1,antigen,3.5,experimental,C:K97A@antigen,antibody-antigen,C:K97A,C:K97A@antigen,C_HL,HYHEL-63,Lysozyme,HL,C,true,true,False,False,charge_changing_v1
1dqj_0072,1DQJ,1dqj_0072,1,antigen,1.5,experimental,C:L75A@antigen,antibody-antigen,C:L75A,C:L75A@antigen,C_HL,HYHEL-63,Lysozyme,HL,C,true,true,True,True,
1dqj_0073,1DQJ,1dqj_0073,1,antigen,0.6,experimental,C:N93A@antigen,antibody-antigen,C:N93A,C:N93A@antigen,C_HL,HYHEL-63,Lysozyme,HL,C,true,true,True,True,
1dqj_0074,1DQJ,1dqj_0074,1,antigen,1.3,experimental,C:R21A@antigen,antibody-antigen,C:R21A,C:R21A@antigen,C_HL,HYHEL-63,Lysozyme,HL,C,true,true,False,False,charge_changing_v1
1dqj_0075,1DQJ,1dqj_0075,1,antigen,0.8,experimental,C:S100A@antigen,antibody-antigen,C:S100A,C:S100A@antigen,C_HL,HYHEL-63,Lysozyme,HL,C,true,true,True,True,
1dqj_0076,1DQJ,1dqj_0076,1,antigen,0.8,experimental,C:T89A@antigen,antibody-antigen,C:T89A,C:T89A@antigen,C_HL,HYHEL-63,Lysozyme,HL,C,true,true,True,True,
1dqj_0077,1DQJ,1dqj_0077,1,antigen,0.8,experimental,C:W62A@antigen,antibody-antigen,C:W62A,C:W62A@antigen,C_HL,HYHEL-63,Lysozyme,HL,C,true,true,True,True,
1dqj_0078,1DQJ,1dqj_0078,1,antigen,1.3,experimental,C:W63A@antigen,antibody-antigen,C:W63A,C:W63A@antigen,C_HL,HYHEL-63,Lysozyme,HL,C,true,true,True,True,
1dqj_0079,1DQJ,1dqj_0079,1,antigen,3.3,experimental,C:Y20A@antigen,antibody-antigen,C:Y20A,C:Y20A@antigen,C_HL,HYHEL-63,Lysozyme,HL,C,true,true,True,True,
1dqj_0080,1DQJ,1dqj_0080,1,antibody,2,experimental,H:D32A@antibody,antibody-antigen,H:D32A,H:D32A@antibody,C_HL,HYHEL-63,Lysozyme,HL,C,true,true,False,False,charge_changing_v1
1dqj_0081,1DQJ,1dqj_0081,1,antibody,4.9,experimental,H:W98A@antibody,antibody-antigen,H:W98A,H:W98A@antibody,C_HL,HYHEL-63,Lysozyme,HL,C,true,true,True,True,
1dqj_0082,1DQJ,1dqj_0082,1,antibody,5.5,experimental,H:Y33A@antibody,antibody-antigen,H:Y33A,H:Y33A@antibody,C_HL,HYHEL-63,Lysozyme,HL,C,true,true,True,True,
1dqj_0083,1DQJ,1dqj_0083,1,antibody,6.9,experimental,H:Y50A@antibody,antibody-antigen,H:Y50A,H:Y50A@antibody,C_HL,HYHEL-63,Lysozyme,HL,C,true,true,True,True,
1dqj_0084,1DQJ,1dqj_0084,1,antibody,1.2,experimental,H:Y53A@antibody,antibody-antigen,H:Y53A,H:Y53A@antibody,C_HL,HYHEL-63,Lysozyme,HL,C,true,true,True,True,
1dqj_0085,1DQJ,1dqj_0085,1,antibody,2,experimental,L:N31A@antibody,antibody-antigen,L:N31A,L:N31A@antibody,C_HL,HYHEL-63,Lysozyme,HL,C,true,true,True,True,
1dqj_0086,1DQJ,1dqj_0086,1,antibody,4.1,experimental,L:N32A@antibody,antibody-antigen,L:N32A,L:N32A@antibody,C_HL,HYHEL-63,Lysozyme,HL,C,true,true,True,True,
1dqj_0087,1DQJ,1dqj_0087,1,antibody,1.4,experimental,L:S91A@antibody,antibody-antigen,L:S91A,L:S91A@antibody,C_HL,HYHEL-63,Lysozyme,HL,C,true,true,True,True,
1dqj_0088,1DQJ,1dqj_0088,1,antibody,2.7,experimental,L:Y50A@antibody,antibody-antigen,L:Y50A,L:Y50A@antibody,C_HL,HYHEL-63,Lysozyme,HL,C,true,true,True,True,
1dqj_0089,1DQJ,1dqj_0089,1,antibody,1.1,experimental,L:Y96A@antibody,antibody-antigen,L:Y96A,L:Y96A@antibody,C_HL,HYHEL-63,Lysozyme,HL,C,true,true,True,True,
1dvf_0090,1DVF,1dvf_0090,2,other,4.7,experimental,"A:Y32A,D:R106A",antibody-antibody,"A:Y32A,D:R106A","A:Y32A,D:R106A",AB_CD,IgG1-kappa D1.3 Fv,E5.2 Fv,,,true,true,False,False,non_antibody_antigen
1dvf_0091,1DVF,1dvf_0091,2,other,2.65,experimental,"A:Y49A,D:H33A",antibody-antibody,"A:Y49A,D:H33A","A:Y49A,D:H33A",AB_CD,IgG1-kappa D1.3 Fv,E5.2 Fv,,,true,true,False,False,non_antibody_antigen
1dvf_0092,1DVF,1dvf_0092,2,other,2.05,experimental,"A:Y49A,D:N55A",antibody-antibody,"A:Y49A,D:N55A","A:Y49A,D:N55A",AB_CD,IgG1-kappa D1.3 Fv,E5.2 Fv,,,true,true,False,False,non_antibody_antigen
1dvf_0093,1DVF,1dvf_0093,2,other,4.36,experimental,"B:D100A,D:D52A",antibody-antibody,"B:D100A,D:D52A","B:D100A,D:D52A",AB_CD,IgG1-kappa D1.3 Fv,E5.2 Fv,,,true,true,False,False,non_antibody_antigen
1dvf_0094,1DVF,1dvf_0094,2,other,4.19,experimental,"B:D100A,D:H33A",antibody-antibody,"B:D100A,D:H33A","B:D100A,D:H33A",AB_CD,IgG1-kappa D1.3 Fv,E5.2 Fv,,,true,true,False,False,non_antibody_antigen
1dvf_0095,1DVF,1dvf_0095,2,other,4.13,experimental,"B:D100A,D:N55A",antibody-antibody,"B:D100A,D:N55A","B:D100A,D:N55A",AB_CD,IgG1-kappa D1.3 Fv,E5.2 Fv,,,true,true,False,False,non_antibody_antigen
1dvf_0096,1DVF,1dvf_0096,2,other,4.54,experimental,"B:D54A,C:Y49A",antibody-antibody,"B:D54A,C:Y49A","B:D54A,C:Y49A",AB_CD,IgG1-kappa D1.3 Fv,E5.2 Fv,,,true,true,False,False,non_antibody_antigen
1dvf_0097,1DVF,1dvf_0097,2,other,1.48,experimental,"B:D58A,D:Q104A",antibody-antibody,"B:D58A,D:Q104A","B:D58A,D:Q104A",AB_CD,IgG1-kappa D1.3 Fv,E5.2 Fv,,,true,true,False,False,non_antibody_antigen
1dvf_0098,1DVF,1dvf_0098,2,other,4.68,experimental,"B:E98A,D:Y102A",antibody-antibody,"B:E98A,D:Y102A","B:E98A,D:Y102A",AB_CD,IgG1-kappa D1.3 Fv,E5.2 Fv,,,true,true,False,False,non_antibody_antigen
1dvf_0099,1DVF,1dvf_0099,2,other,2.55,experimental,"B:N56A,D:H33A",antibody-antibody,"B:N56A,D:H33A","B:N56A,D:H33A",AB_CD,IgG1-kappa D1.3 Fv,E5.2 Fv,,,true,true,False,False,non_antibody_antigen
1dvf_0100,1DVF,1dvf_0100,2,other,2.32,experimental,"B:N56A,D:N55A",antibody-antibody,"B:N56A,D:N55A","B:N56A,D:N55A",AB_CD,IgG1-kappa D1.3 Fv,E5.2 Fv,,,true,true,False,False,non_antibody_antigen
1dvf_0101,1DVF,1dvf_0101,2,other,1.5,experimental,"B:N56A,D:Q104A",antibody-antibody,"B:N56A,D:Q104A","B:N56A,D:Q104A",AB_CD,IgG1-kappa D1.3 Fv,E5.2 Fv,,,true,true,False,False,non_antibody_antigen
1dvf_0102,1DVF,1dvf_0102,2,other,4.2,experimental,"B:W52A,D:Q104A",antibody-antibody,"B:W52A,D:Q104A","B:W52A,D:Q104A",AB_CD,IgG1-kappa D1.3 Fv,E5.2 Fv,,,true,true,False,False,non_antibody_antigen
1dvf_0103,1DVF,1dvf_0103,1,other,1.67,experimental,A:H30A,antibody-antibody,A:H30A,A:H30A,AB_CD,IgG1-kappa D1.3 Fv,E5.2 Fv,,,true,true,False,False,non_antibody_antigen
1dvf_0104,1DVF,1dvf_0104,1,other,1.17,experimental,A:S93A,antibody-antibody,A:S93A,A:S93A,AB_CD,IgG1-kappa D1.3 Fv,E5.2 Fv,,,true,true,False,False,non_antibody_antigen
1dvf_0105,1DVF,1dvf_0105,1,other,0.34,experimental,A:W92A,antibody-antibody,A:W92A,A:W92A,AB_CD,IgG1-kappa D1.3 Fv,E5.2 Fv,,,true,true,False,False,non_antibody_antigen
1dvf_0106,1DVF,1dvf_0106,1,other,2.05,experimental,A:Y32A,antibody-antibody,A:Y32A,A:Y32A,AB_CD,IgG1-kappa D1.3 Fv,E5.2 Fv,,,true,true,False,False,non_antibody_antigen
1dvf_0107,1DVF,1dvf_0107,1,other,1.64,experimental,A:Y49A,antibody-antibody,A:Y49A,A:Y49A,AB_CD,IgG1-kappa D1.3 Fv,E5.2 Fv,,,true,true,False,False,non_antibody_antigen
1dvf_0108,1DVF,1dvf_0108,1,other,1.75,experimental,A:Y49A,antibody-antibody,A:Y49A,A:Y49A,AB_CD,IgG1-kappa D1.3 Fv,E5.2 Fv,,,true,true,False,False,non_antibody_antigen
1dvf_0109,1DVF,1dvf_0109,1,other,0.69,experimental,A:Y50A,antibody-antibody,A:Y50A,A:Y50A,AB_CD,IgG1-kappa D1.3 Fv,E5.2 Fv,,,true,true,False,False,non_antibody_antigen
1dvf_0110,1DVF,1dvf_0110,1,other,2.82,experimental,B:D100A,antibody-antibody,B:D100A,B:D100A,AB_CD,IgG1-kappa D1.3 Fv,E5.2 Fv,,,true,true,False,False,non_antibody_antigen
1dvf_0111,1DVF,1dvf_0111,1,other,4.32,experimental,B:D54A,antibody-antibody,B:D54A,B:D54A,AB_CD,IgG1-kappa D1.3 Fv,E5.2 Fv,,,true,true,False,False,non_antibody_antigen
1dvf_0112,1DVF,1dvf_0112,1,other,1.62,experimental,B:D58A,antibody-antibody,B:D58A,B:D58A,AB_CD,IgG1-kappa D1.3 Fv,E5.2 Fv,,,true,true,False,False,non_antibody_antigen
1dvf_0113,1DVF,1dvf_0113,1,other,4.23,experimental,B:E98A,antibody-antibody,B:E98A,B:E98A,AB_CD,IgG1-kappa D1.3 Fv,E5.2 Fv,,,true,true,False,False,non_antibody_antigen
1dvf_0114,1DVF,1dvf_0114,1,other,1.17,experimental,B:N56A,antibody-antibody,B:N56A,B:N56A,AB_CD,IgG1-kappa D1.3 Fv,E5.2 Fv,,,true,true,False,False,non_antibody_antigen
1dvf_0115,1DVF,1dvf_0115,1,other,1.89,experimental,B:R99A,antibody-antibody,B:R99A,B:R99A,AB_CD,IgG1-kappa D1.3 Fv,E5.2 Fv,,,true,true,False,False,non_antibody_antigen
1dvf_0116,1DVF,1dvf_0116,1,other,0.92,experimental,B:T30A,antibody-antibody,B:T30A,B:T30A,AB_CD,IgG1-kappa D1.3 Fv,E5.2 Fv,,,true,true,False,False,non_antibody_antigen
1dvf_0117,1DVF,1dvf_0117,1,other,4.17,experimental,B:W52A,antibody-antibody,B:W52A,B:W52A,AB_CD,IgG1-kappa D1.3 Fv,E5.2 Fv,,,true,true,False,False,non_antibody_antigen
1dvf_0118,1DVF,1dvf_0118,1,other,2.03,experimental,B:Y101F,antibody-antibody,B:Y101F,B:Y101F,AB_CD,IgG1-kappa D1.3 Fv,E5.2 Fv,,,true,true,False,False,non_antibody_antigen
1dvf_0119,1DVF,1dvf_0119,1,other,1.85,experimental,B:Y32A,antibody-antibody,B:Y32A,B:Y32A,AB_CD,IgG1-kappa D1.3 Fv,E5.2 Fv,,,true,true,False,False,non_antibody_antigen
1dvf_0120,1DVF,1dvf_0120,1,other,1.88,experimental,C:Y49A,antibody-antibody,C:Y49A,C:Y49A,AB_CD,IgG1-kappa D1.3 Fv,E5.2 Fv,,,true,true,False,False,non_antibody_antigen
1dvf_0121,1DVF,1dvf_0121,1,other,1.7,experimental,D:D52A,antibody-antibody,D:D52A,D:D52A,AB_CD,IgG1-kappa D1.3 Fv,E5.2 Fv,,,true,true,False,False,non_antibody_antigen
1dvf_0122,1DVF,1dvf_0122,1,other,1.88,experimental,D:H33A,antibody-antibody,D:H33A,D:H33A,AB_CD,IgG1-kappa D1.3 Fv,E5.2 Fv,,,true,true,False,False,non_antibody_antigen
1dvf_0123,1DVF,1dvf_0123,1,other,2.71,experimental,D:I101A,antibody-antibody,D:I101A,D:I101A,AB_CD,IgG1-kappa D1.3 Fv,E5.2 Fv,,,true,true,False,False,non_antibody_antigen
1dvf_0124,1DVF,1dvf_0124,1,other,1.01,experimental,D:K30A,antibody-antibody,D:K30A,D:K30A,AB_CD,IgG1-kappa D1.3 Fv,E5.2 Fv,,,true,true,False,False,non_antibody_antigen
1dvf_0125,1DVF,1dvf_0125,1,other,1.88,experimental,D:N55A,antibody-antibody,D:N55A,D:N55A,AB_CD,IgG1-kappa D1.3 Fv,E5.2 Fv,,,true,true,False,False,non_antibody_antigen
1dvf_0126,1DVF,1dvf_0126,1,other,1.64,experimental,D:Q104A,antibody-antibody,D:Q104A,D:Q104A,AB_CD,IgG1-kappa D1.3 Fv,E5.2 Fv,,,true,true,False,False,non_antibody_antigen
1dvf_0127,1DVF,1dvf_0127,1,other,4.13,experimental,D:R106A,antibody-antibody,D:R106A,D:R106A,AB_CD,IgG1-kappa D1.3 Fv,E5.2 Fv,,,true,true,False,False,non_antibody_antigen
1dvf_0128,1DVF,1dvf_0128,1,other,4.79,experimental,D:Y102A,antibody-antibody,D:Y102A,D:Y102A,AB_CD,IgG1-kappa D1.3 Fv,E5.2 Fv,,,true,true,False,False,non_antibody_antigen
1ffw_0129,1FFW,1ffw_0129,1,other,0.09,experimental,A:A90V,other,A:A90V,A:A90V,A_B,CHEA,CHEY,,,true,true,False,False,non_antibody_antigen
1ffw_0130,1FFW,1ffw_0130,1,other,0.05,experimental,A:D13K,other,A:D13K,A:D13K,A_B,CHEA,CHEY,,,true,true,False,False,non_antibody_antigen
1ffw_0131,1FFW,1ffw_0131,1,other,0.71,experimental,A:E117K,other,A:E117K,A:E117K,A_B,CHEA,CHEY,,,true,true,False,False,non_antibody_antigen
1ffw_0132,1FFW,1ffw_0132,1,other,0.82,experimental,A:E93K,other,A:E93K,A:E93K,A_B,CHEA,CHEY,,,true,true,False,False,non_antibody_antigen
1ffw_0133,1FFW,1ffw_0133,1,other,1.26,experimental,A:F111V,other,A:F111V,A:F111V,A_B,CHEA,CHEY,,,true,true,False,False,non_antibody_antigen
1ffw_0134,1FFW,1ffw_0134,1,other,0.56,experimental,A:T112I,other,A:T112I,A:T112I,A_B,CHEA,CHEY,,,true,true,False,False,non_antibody_antigen
1ffw_0135,1FFW,1ffw_0135,1,other,-0.32,experimental,A:T87I,other,A:T87I,A:T87I,A_B,CHEA,CHEY,,,true,true,False,False,non_antibody_antigen
1ffw_0136,1FFW,1ffw_0136,1,other,1.13,experimental,A:V108M,other,A:V108M,A:V108M,A_B,CHEA,CHEY,,,true,true,False,False,non_antibody_antigen
1ffw_0137,1FFW,1ffw_0137,1,other,0.71,experimental,A:Y106W,other,A:Y106W,A:Y106W,A_B,CHEA,CHEY,,,true,true,False,False,non_antibody_antigen
1jrh_0138,1JRH,1jrh_0138,4,antigen,0.64,experimental,I:A103L@antigen;I:V104M@antigen;I:R106L@antigen;I:D107K@antigen,antibody-antigen,"I:A103L,I:V104M,I:R106L,I:D107K",I:A103L@antigen;I:V104M@antigen;I:R106L@antigen;I:D107K@antigen,HL_I,A6 fab,IFNgammaR1-108,HL,I,true,true,False,False,unsupported_mutation_count
1jrh_0139,1JRH,1jrh_0139,3,antigen,0.06,experimental,I:A59S@antigen;I:I61T@antigen;I:H65D@antigen,antibody-antigen,"I:A59S,I:I61T,I:H65D",I:A59S@antigen;I:I61T@antigen;I:H65D@antigen,HL_I,A6 fab,IFNgammaR1-108,HL,I,true,true,False,False,unsupported_mutation_count
1jrh_0140,1JRH,1jrh_0140,3,antigen,-0.06,experimental,I:A95D@antigen;I:K98R@antigen;I:E100K@antigen,antibody-antigen,"I:A95D,I:K98R,I:E100K",I:A95D@antigen;I:K98R@antigen;I:E100K@antigen,HL_I,A6 fab,IFNgammaR1-108,HL,I,true,true,False,False,unsupported_mutation_count
1jrh_0141,1JRH,1jrh_0141,4,antigen,0.15,experimental,I:I35N@antigen;I:P37S@antigen;I:V39T@antigen;I:V41I@antigen,antibody-antigen,"I:I35N,I:P37S,I:V39T,I:V41I",I:I35N@antigen;I:P37S@antigen;I:V39T@antigen;I:V41I@antigen,HL_I,A6 fab,IFNgammaR1-108,HL,I,true,true,False,False,unsupported_mutation_count
1jrh_0142,1JRH,1jrh_0142,2,antigen,-0.21,experimental,I:M25L@antigen__I:I28V@antigen,antibody-antigen,"I:M25L,I:I28V",I:M25L@antigen;I:I28V@antigen,HL_I,A6 fab,IFNgammaR1-108,HL,I,true,true,False,True,
1jrh_0143,1JRH,1jrh_0143,7,antigen,8,experimental,I:N48V@antigen;I:N53S@antigen;I:S54G@antigen;I:E55S@antigen,antibody-antigen,"I:N48V,I:delta(I:G50,I:V51,I:K52),I:N53S,I:S54G,I:E55S",I:N48V@antigen;I:N53S@antigen;I:S54G@antigen;I:E55S@antigen,HL_I,A6 fab,IFNgammaR1-108,HL,I,true,true,False,False,unsupported_mutation_count;invalid_mutation_token;invalid_mutation_token;invalid_mutation_token
1jrh_0144,1JRH,1jrh_0144,9,antigen,2.73,experimental,I:S71Y@antigen;I:D72E@antigen;I:H73Q@antigen;I:V74I@antigen;I:G75M@antigen;I:D76Y@antigen;I:S78D@antigen;I:N79V@antigen;I:L81A@antigen,antibody-antigen,"I:S71Y,I:D72E,I:H73Q,I:V74I,I:G75M,I:D76Y,I:S78D,I:N79V,I:L81A",I:S71Y@antigen;I:D72E@antigen;I:H73Q@antigen;I:V74I@antigen;I:G75M@antigen;I:D76Y@antigen;I:S78D@antigen;I:N79V@antigen;I:L81A@antigen,HL_I,A6 fab,IFNgammaR1-108,HL,I,true,true,False,False,unsupported_mutation_count
1jrh_0145,1JRH,1jrh_0145,2,antigen,-0.02,experimental,I:T19L@antigen__I:E21K@antigen,antibody-antigen,"I:T19L,I:E21K",I:T19L@antigen;I:E21K@antigen,HL_I,A6 fab,IFNgammaR1-108,HL,I,true,true,False,False,charge_changing_v2
1jrh_0146,1JRH,1jrh_0146,2,antigen,-0.21,experimental,I:V83A@antigen__I:R88K@antigen,antibody-antigen,"I:V83A,I:R88K",I:V83A@antigen;I:R88K@antigen,HL_I,A6 fab,IFNgammaR1-108,HL,I,true,true,False,True,
1jrh_0147,1JRH,1jrh_0147,1,antigen,0.11,experimental,I:E45Q@antigen,antibody-antigen,I:E45Q,I:E45Q@antigen,HL_I,A6 fab,IFNgammaR1-108,HL,I,true,true,False,False,charge_changing_v1
1jrh_0148,1JRH,1jrh_0148,1,antigen,-0.02,experimental,I:T14V@antigen,antibody-antigen,I:T14V,I:T14V@antigen,HL_I,A6 fab,IFNgammaR1-108,HL,I,true,true,True,True,
1jtg_0149,1JTG,1jtg_0149,2,other,0.84,experimental,"A:K234A,A:S130A",other,"A:K234A,A:S130A","A:K234A,A:S130A",A_B,TEM-1 Beta-Lactamase,Beta-Lactamase inhibitor,,,true,true,False,False,non_antibody_antigen
1jtg_0150,1JTG,1jtg_0150,3,other,1.13,experimental,"A:K234A,A:S130A,A:R243A",other,"A:K234A,A:S130A,A:R243A","A:K234A,A:S130A,A:R243A",A_B,TEM-1 Beta-Lactamase,Beta-Lactamase inhibitor,,,true,true,False,False,non_antibody_antigen;unsupported_mutation_count
1jtg_0151,1JTG,1jtg_0151,4,other,1.54,experimental,"A:K234A,A:S235A,A:S130A,A:R243A",other,"A:K234A,A:S235A,A:S130A,A:R243A","A:K234A,A:S235A,A:S130A,A:R243A",A_B,TEM-1 Beta-Lactamase,Beta-Lactamase inhibitor,,,true,true,False,False,non_antibody_antigen;unsupported_mutation_count
1jtg_0152,1JTG,1jtg_0152,2,other,1.35,experimental,"A:R243A,A:K234A",other,"A:R243A,A:K234A","A:R243A,A:K234A",A_B,TEM-1 Beta-Lactamase,Beta-Lactamase inhibitor,,,true,true,False,False,non_antibody_antigen
1jtg_0153,1JTG,1jtg_0153,2,other,1.01,experimental,"A:R243A,A:S130A",other,"A:R243A,A:S130A","A:R243A,A:S130A",A_B,TEM-1 Beta-Lactamase,Beta-Lactamase inhibitor,,,true,true,False,False,non_antibody_antigen
1jtg_0154,1JTG,1jtg_0154,2,other,0.06,experimental,"A:R243A,A:S235A",other,"A:R243A,A:S235A","A:R243A,A:S235A",A_B,TEM-1 Beta-Lactamase,Beta-Lactamase inhibitor,,,true,true,False,False,non_antibody_antigen
1jtg_0155,1JTG,1jtg_0155,3,other,1.34,experimental,"A:R243A,A:S235A,A:K234A",other,"A:R243A,A:S235A,A:K234A","A:R243A,A:S235A,A:K234A",A_B,TEM-1 Beta-Lactamase,Beta-Lactamase inhibitor,,,true,true,False,False,non_antibody_antigen;unsupported_mutation_count
1jtg_0156,1JTG,1jtg_0156,3,other,0.79,experimental,"A:R243A,A:S235A,A:S130A",other,"A:R243A,A:S235A,A:S130A","A:R243A,A:S235A,A:S130A",A_B,TEM-1 Beta-Lactamase,Beta-Lactamase inhibitor,,,true,true,False,False,non_antibody_antigen;unsupported_mutation_count
1jtg_0157,1JTG,1jtg_0157,2,other,1.13,experimental,"A:S235A,A:K234A",other,"A:S235A,A:K234A","A:S235A,A:K234A",A_B,TEM-1 Beta-Lactamase,Beta-Lactamase inhibitor,,,true,true,False,False,non_antibody_antigen
1jtg_0158,1JTG,1jtg_0158,2,other,0.81,experimental,"A:S235A,A:S130A",other,"A:S235A,A:S130A","A:S235A,A:S130A",A_B,TEM-1 Beta-Lactamase,Beta-Lactamase inhibitor,,,true,true,False,False,non_antibody_antigen
1jtg_0159,1JTG,1jtg_0159,3,other,1.17,experimental,"A:S235A,A:S130A,A:K234A",other,"A:S235A,A:S130A,A:K234A","A:S235A,A:S130A,A:K234A",A_B,TEM-1 Beta-Lactamase,Beta-Lactamase inhibitor,,,true,true,False,False,non_antibody_antigen;unsupported_mutation_count
1jtg_0160,1JTG,1jtg_0160,2,other,1.74,experimental,"B:D49A,A:K234A",other,"B:D49A,A:K234A","B:D49A,A:K234A",A_B,TEM-1 Beta-Lactamase,Beta-Lactamase inhibitor,,,true,true,False,False,non_antibody_antigen
1jtg_0161,1JTG,1jtg_0161,3,other,1.03,experimental,"B:D49A,A:K234A,A:S130A",other,"B:D49A,A:K234A,A:S130A","B:D49A,A:K234A,A:S130A",A_B,TEM-1 Beta-Lactamase,Beta-Lactamase inhibitor,,,true,true,False,False,non_antibody_antigen;unsupported_mutation_count
1jtg_0162,1JTG,1jtg_0162,4,other,1.43,experimental,"B:D49A,A:K234A,A:S130A,A:R243A",other,"B:D49A,A:K234A,A:S130A,A:R243A","B:D49A,A:K234A,A:S130A,A:R243A",A_B,TEM-1 Beta-Lactamase,Beta-Lactamase inhibitor,,,true,true,False,False,non_antibody_antigen;unsupported_mutation_count
1jtg_0163,1JTG,1jtg_0163,5,other,1.56,experimental,"B:D49A,A:K234A,A:S235A,A:S130A,A:R243A",other,"B:D49A,A:K234A,A:S235A,A:S130A,A:R243A","B:D49A,A:K234A,A:S235A,A:S130A,A:R243A",A_B,TEM-1 Beta-Lactamase,Beta-Lactamase inhibitor,,,true,true,False,False,non_antibody_antigen;unsupported_mutation_count
1jtg_0164,1JTG,1jtg_0164,2,other,1.18,experimental,"B:D49A,A:R243A",other,"B:D49A,A:R243A","B:D49A,A:R243A",A_B,TEM-1 Beta-Lactamase,Beta-Lactamase inhibitor,,,true,true,False,False,non_antibody_antigen
1jtg_0165,1JTG,1jtg_0165,3,other,1.72,experimental,"B:D49A,A:R243A,A:K234A",other,"B:D49A,A:R243A,A:K234A","B:D49A,A:R243A,A:K234A",A_B,TEM-1 Beta-Lactamase,Beta-Lactamase inhibitor,,,true,true,False,False,non_antibody_antigen;unsupported_mutation_count
1jtg_0166,1JTG,1jtg_0166,3,other,1.24,experimental,"B:D49A,A:R243A,A:S130A",other,"B:D49A,A:R243A,A:S130A","B:D49A,A:R243A,A:S130A",A_B,TEM-1 Beta-Lactamase,Beta-Lactamase inhibitor,,,true,true,False,False,non_antibody_antigen;unsupported_mutation_count
1jtg_0167,1JTG,1jtg_0167,3,other,0.49,experimental,"B:D49A,A:R243A,A:S235A",other,"B:D49A,A:R243A,A:S235A","B:D49A,A:R243A,A:S235A",A_B,TEM-1 Beta-Lactamase,Beta-Lactamase inhibitor,,,true,true,False,False,non_antibody_antigen;unsupported_mutation_count
1jtg_0168,1JTG,1jtg_0168,4,other,1.69,experimental,"B:D49A,A:R243A,A:S235A,A:K234A",other,"B:D49A,A:R243A,A:S235A,A:K234A","B:D49A,A:R243A,A:S235A,A:K234A",A_B,TEM-1 Beta-Lactamase,Beta-Lactamase inhibitor,,,true,true,False,False,non_antibody_antigen;unsupported_mutation_count
1jtg_0169,1JTG,1jtg_0169,4,other,0.78,experimental,"B:D49A,A:R243A,A:S235A,A:S130A",other,"B:D49A,A:R243A,A:S235A,A:S130A","B:D49A,A:R243A,A:S235A,A:S130A",A_B,TEM-1 Beta-Lactamase,Beta-Lactamase inhibitor,,,true,true,False,False,non_antibody_antigen;unsupported_mutation_count
1jtg_0170,1JTG,1jtg_0170,2,other,1.57,experimental,"B:D49A,A:S130A",other,"B:D49A,A:S130A","B:D49A,A:S130A",A_B,TEM-1 Beta-Lactamase,Beta-Lactamase inhibitor,,,true,true,False,False,non_antibody_antigen
1jtg_0171,1JTG,1jtg_0171,2,other,1.84,experimental,"B:D49A,A:S235A",other,"B:D49A,A:S235A","B:D49A,A:S235A",A_B,TEM-1 Beta-Lactamase,Beta-Lactamase inhibitor,,,true,true,False,False,non_antibody_antigen
1jtg_0172,1JTG,1jtg_0172,3,other,1.44,experimental,"B:D49A,A:S235A,A:K234A",other,"B:D49A,A:S235A,A:K234A","B:D49A,A:S235A,A:K234A",A_B,TEM-1 Beta-Lactamase,Beta-Lactamase inhibitor,,,true,true,False,False,non_antibody_antigen;unsupported_mutation_count
1jtg_0173,1JTG,1jtg_0173,3,other,1.29,experimental,"B:D49A,A:S235A,A:S130A",other,"B:D49A,A:S235A,A:S130A","B:D49A,A:S235A,A:S130A",A_B,TEM-1 Beta-Lactamase,Beta-Lactamase inhibitor,,,true,true,False,False,non_antibody_antigen;unsupported_mutation_count
1jtg_0174,1JTG,1jtg_0174,4,other,0.81,experimental,"B:D49A,A:S235A,A:S130A,A:K234A",other,"B:D49A,A:S235A,A:S130A,A:K234A","B:D49A,A:S235A,A:S130A,A:K234A",A_B,TEM-1 Beta-Lactamase,Beta-Lactamase inhibitor,,,true,true,False,False,non_antibody_antigen;unsupported_mutation_count
1jtg_0175,1JTG,1jtg_0175,1,other,0.82,experimental,A:K234A,other,A:K234A,A:K234A,A_B,TEM-1 Beta-Lactamase,Beta-Lactamase inhibitor,,,true,true,False,False,non_antibody_antigen
1jtg_0176,1JTG,1jtg_0176,1,other,0.56,experimental,A:R243A,other,A:R243A,A:R243A,A_B,TEM-1 Beta-Lactamase,Beta-Lactamase inhibitor,,,true,true,False,False,non_antibody_antigen
1jtg_0177,1JTG,1jtg_0177,1,other,0.5,experimental,A:S130A,other,A:S130A,A:S130A,A_B,TEM-1 Beta-Lactamase,Beta-Lactamase inhibitor,,,true,true,False,False,non_antibody_antigen
1jtg_0178,1JTG,1jtg_0178,1,other,1.32,experimental,A:S235A,other,A:S235A,A:S235A,A_B,TEM-1 Beta-Lactamase,Beta-Lactamase inhibitor,,,true,true,False,False,non_antibody_antigen
1jtg_0179,1JTG,1jtg_0179,1,other,1.98,experimental,B:D49A,other,B:D49A,B:D49A,A_B,TEM-1 Beta-Lactamase,Beta-Lactamase inhibitor,,,true,true,False,False,non_antibody_antigen
1ktz_0180,1KTZ,1ktz_0180,1,other,0.9,experimental,B:D118A,other,B:D118A,B:D118A,A_B,TGF-beta type-II R,TGF-beta3,,,true,true,False,False,non_antibody_antigen
1ktz_0181,1KTZ,1ktz_0181,1,other,1.4,experimental,B:D32A,other,B:D32A,B:D32A,A_B,TGF-beta type-II R,TGF-beta3,,,true,true,False,False,non_antibody_antigen
1ktz_0182,1KTZ,1ktz_0182,1,other,1.7,experimental,B:D32N,other,B:D32N,B:D32N,A_B,TGF-beta type-II R,TGF-beta3,,,true,true,False,False,non_antibody_antigen
1ktz_0183,1KTZ,1ktz_0183,1,other,1.4,experimental,B:E119A,other,B:E119A,B:E119A,A_B,TGF-beta type-II R,TGF-beta3,,,true,true,False,False,non_antibody_antigen
1ktz_0184,1KTZ,1ktz_0184,1,other,1.7,experimental,B:E119Q,other,B:E119Q,B:E119Q,A_B,TGF-beta type-II R,TGF-beta3,,,true,true,False,False,non_antibody_antigen
1ktz_0185,1KTZ,1ktz_0185,1,other,1.3,experimental,B:E55A,other,B:E55A,B:E55A,A_B,TGF-beta type-II R,TGF-beta3,,,true,true,False,False,non_antibody_antigen
1ktz_0186,1KTZ,1ktz_0186,1,other,1,experimental,B:E75A,other,B:E75A,B:E75A,A_B,TGF-beta type-II R,TGF-beta3,,,true,true,False,False,non_antibody_antigen
1ktz_0187,1KTZ,1ktz_0187,1,other,0.9,experimental,B:F110A,other,B:F110A,B:F110A,A_B,TGF-beta type-II R,TGF-beta3,,,true,true,False,False,non_antibody_antigen
1ktz_0188,1KTZ,1ktz_0188,1,other,2.9,experimental,B:F30A,other,B:F30A,B:F30A,A_B,TGF-beta type-II R,TGF-beta3,,,true,true,False,False,non_antibody_antigen
1ktz_0189,1KTZ,1ktz_0189,1,other,0.4,experimental,B:H79A,other,B:H79A,B:H79A,A_B,TGF-beta type-II R,TGF-beta3,,,true,true,False,False,non_antibody_antigen
1ktz_0190,1KTZ,1ktz_0190,1,other,0.5,experimental,B:I125A,other,B:I125A,B:I125A,A_B,TGF-beta type-II R,TGF-beta3,,,true,true,False,False,non_antibody_antigen
1ktz_0191,1KTZ,1ktz_0191,1,other,1.9,experimental,B:I50A,other,B:I50A,B:I50A,A_B,TGF-beta type-II R,TGF-beta3,,,true,true,False,False,non_antibody_antigen
1ktz_0192,1KTZ,1ktz_0192,1,other,1.2,experimental,B:I53A,other,B:I53A,B:I53A,A_B,TGF-beta type-II R,TGF-beta3,,,true,true,False,False,non_antibody_antigen
1ktz_0193,1KTZ,1ktz_0193,1,other,1.9,experimental,B:L27A,other,B:L27A,B:L27A,A_B,TGF-beta type-II R,TGF-beta3,,,true,true,False,False,non_antibody_antigen
1ktz_0194,1KTZ,1ktz_0194,1,other,0.8,experimental,B:M112A,other,B:M112A,B:M112A,A_B,TGF-beta type-II R,TGF-beta3,,,true,true,False,False,non_antibody_antigen
1ktz_0195,1KTZ,1ktz_0195,1,other,0.3,experimental,B:N47A,other,B:N47A,B:N47A,A_B,TGF-beta type-II R,TGF-beta3,,,true,true,False,False,non_antibody_antigen
1ktz_0196,1KTZ,1ktz_0196,1,other,0.5,experimental,B:S49A,other,B:S49A,B:S49A,A_B,TGF-beta type-II R,TGF-beta3,,,true,true,False,False,non_antibody_antigen
1ktz_0197,1KTZ,1ktz_0197,1,other,0.4,experimental,B:S52A,other,B:S52A,B:S52A,A_B,TGF-beta type-II R,TGF-beta3,,,true,true,False,False,non_antibody_antigen
1ktz_0198,1KTZ,1ktz_0198,1,other,3.7,experimental,B:S52L,other,B:S52L,B:S52L,A_B,TGF-beta type-II R,TGF-beta3,,,true,true,False,False,non_antibody_antigen
1ktz_0199,1KTZ,1ktz_0199,1,other,1.3,experimental,B:T51A,other,B:T51A,B:T51A,A_B,TGF-beta type-II R,TGF-beta3,,,true,true,False,False,non_antibody_antigen
1ktz_0200,1KTZ,1ktz_0200,1,other,0.7,experimental,B:V62A,other,B:V62A,B:V62A,A_B,TGF-beta type-II R,TGF-beta3,,,true,true,False,False,non_antibody_antigen
1ktz_0201,1KTZ,1ktz_0201,1,other,0.5,experimental,B:V77A,other,B:V77A,B:V77A,A_B,TGF-beta type-II R,TGF-beta3,,,true,true,False,False,non_antibody_antigen
1mhp_0202,1MHP,1mhp_0202,2,antibody,-0.85,experimental,H:K64E@antibody__L:S28Q@antibody,antibody-antigen,"H:K64E,L:S28Q",H:K64E@antibody;L:S28Q@antibody,A_HL,Integrin-I,Neutralizing hu-FAB,HL,A,true,true,False,False,charge_changing_v2
1mhp_0203,1MHP,1mhp_0203,3,antibody,-0.95,experimental,H:K64E@antibody;L:S28Q@antibody;L:N52Y@antibody,antibody-antigen,"H:K64E,L:S28Q,L:N52Y",H:K64E@antibody;L:S28Q@antibody;L:N52Y@antibody,A_HL,Integrin-I,Neutralizing hu-FAB,HL,A,true,true,False,False,unsupported_mutation_count
1mhp_0204,1MHP,1mhp_0204,2,antibody,-0.14,experimental,H:L60D@antibody__H:K64E@antibody,antibody-antigen,"H:L60D,H:K64E",H:L60D@antibody;H:K64E@antibody,A_HL,Integrin-I,Neutralizing hu-FAB,HL,A,true,true,False,False,charge_changing_v2
1mhp_0205,1MHP,1mhp_0205,2,antibody,0.04,experimental,H:L60D@antibody__H:K64Q@antibody,antibody-antigen,"H:L60D,H:K64Q",H:L60D@antibody;H:K64Q@antibody,A_HL,Integrin-I,Neutralizing hu-FAB,HL,A,true,true,False,False,charge_changing_v2
1mhp_0206,1MHP,1mhp_0206,2,antibody,1.58,experimental,H:S35A@antibody__H:G102S@antibody,antibody-antigen,"H:S35A,H:G102S",H:S35A@antibody;H:G102S@antibody,A_HL,Integrin-I,Neutralizing hu-FAB,HL,A,true,true,False,True,
1mhp_0207,1MHP,1mhp_0207,3,antibody,8,experimental,H:S35A@antibody;H:T50V@antibody;H:G102S@antibody,antibody-antigen,"H:S35A,H:T50V,H:G102S",H:S35A@antibody;H:T50V@antibody;H:G102S@antibody,A_HL,Integrin-I,Neutralizing hu-FAB,HL,A,true,true,False,False,unsupported_mutation_count
1mhp_0208,1MHP,1mhp_0208,2,antibody,1.43,experimental,H:S35V@antibody__H:G102S@antibody,antibody-antigen,"H:S35V,H:G102S",H:S35V@antibody;H:G102S@antibody,A_HL,Integrin-I,Neutralizing hu-FAB,HL,A,true,true,False,True,
1mhp_0209,1MHP,1mhp_0209,3,antibody,8,experimental,H:S35V@antibody;H:T50V@antibody;H:G102S@antibody,antibody-antigen,"H:S35V,H:T50V,H:G102S",H:S35V@antibody;H:T50V@antibody;H:G102S@antibody,A_HL,Integrin-I,Neutralizing hu-FAB,HL,A,true,true,False,False,unsupported_mutation_count
1mhp_0210,1MHP,1mhp_0210,2,antibody,1.67,experimental,H:T33E@antibody__H:G53Q@antibody,antibody-antigen,"H:T33E,H:G53Q",H:T33E@antibody;H:G53Q@antibody,A_HL,Integrin-I,Neutralizing hu-FAB,HL,A,true,true,False,False,charge_changing_v2
1mhp_0211,1MHP,1mhp_0211,4,antibody,1.91,experimental,H:T33I@antibody;H:S52T@antibody;H:G53N@antibody;H:G54N@antibody,antibody-antigen,"H:T33I,H:S52T,H:G53N,H:G54N",H:T33I@antibody;H:S52T@antibody;H:G53N@antibody;H:G54N@antibody,A_HL,Integrin-I,Neutralizing hu-FAB,HL,A,true,true,False,False,unsupported_mutation_count
1mhp_0212,1MHP,1mhp_0212,4,antibody,1.26,experimental,H:T33I@antibody;H:S52T@antibody;H:G53Q@antibody;H:G54F@antibody,antibody-antigen,"H:T33I,H:S52T,H:G53Q,H:G54F",H:T33I@antibody;H:S52T@antibody;H:G53Q@antibody;H:G54F@antibody,A_HL,Integrin-I,Neutralizing hu-FAB,HL,A,true,true,False,False,unsupported_mutation_count
1mhp_0213,1MHP,1mhp_0213,2,antibody,8,experimental,H:T33Q@antibody__H:G54W@antibody,antibody-antigen,"H:T33Q,H:G54W",H:T33Q@antibody;H:G54W@antibody,A_HL,Integrin-I,Neutralizing hu-FAB,HL,A,true,true,False,True,
1mhp_0214,1MHP,1mhp_0214,2,antibody,8,experimental,H:T33S@antibody__H:G53W@antibody,antibody-antigen,"H:T33S,H:G53W",H:T33S@antibody;H:G53W@antibody,A_HL,Integrin-I,Neutralizing hu-FAB,HL,A,true,true,False,True,
1mhp_0215,1MHP,1mhp_0215,2,antibody,1.67,experimental,H:T50V@antibody__H:G102S@antibody,antibody-antigen,"H:T50V,H:G102S",H:T50V@antibody;H:G102S@antibody,A_HL,Integrin-I,Neutralizing hu-FAB,HL,A,true,true,False,True,
1mhp_0216,1MHP,1mhp_0216,2,antibody,-0.36,experimental,H:T50V@antibody__H:K64E@antibody,antibody-antigen,"H:T50V,H:K64E",H:T50V@antibody;H:K64E@antibody,A_HL,Integrin-I,Neutralizing hu-FAB,HL,A,true,true,False,False,charge_changing_v2
1mhp_0217,1MHP,1mhp_0217,4,antibody,-1.24,experimental,H:T50V@antibody;H:K64E@antibody;L:S28Q@antibody;L:N52E@antibody,antibody-antigen,"H:T50V,H:K64E,L:S28Q,L:N52E",H:T50V@antibody;H:K64E@antibody;L:S28Q@antibody;L:N52E@antibody,A_HL,Integrin-I,Neutralizing hu-FAB,HL,A,true,true,False,False,unsupported_mutation_count
1mhp_0218,1MHP,1mhp_0218,4,antibody,-1.04,experimental,H:T50V@antibody;H:K64E@antibody;L:S28Q@antibody;L:N52Y@antibody,antibody-antigen,"H:T50V,H:K64E,L:S28Q,L:N52Y",H:T50V@antibody;H:K64E@antibody;L:S28Q@antibody;L:N52Y@antibody,A_HL,Integrin-I,Neutralizing hu-FAB,HL,A,true,true,False,False,unsupported_mutation_count
1mhp_0219,1MHP,1mhp_0219,2,antibody,2.08,experimental,H:S35A@antibody__H:T50V@antibody,antibody-antigen,"H:T50V,H:S35A",H:T50V@antibody;H:S35A@antibody,A_HL,Integrin-I,Neutralizing hu-FAB,HL,A,true,true,False,True,
1mhp_0220,1MHP,1mhp_0220,2,antibody,2.73,experimental,H:S35V@antibody__H:T50V@antibody,antibody-antigen,"H:T50V,H:S35V",H:T50V@antibody;H:S35V@antibody,A_HL,Integrin-I,Neutralizing hu-FAB,HL,A,true,true,False,True,
1mhp_0221,1MHP,1mhp_0221,2,antibody,-0.69,experimental,H:T50V@antibody__L:S28Q@antibody,antibody-antigen,"H:T50V,L:S28Q",H:T50V@antibody;L:S28Q@antibody,A_HL,Integrin-I,Neutralizing hu-FAB,HL,A,true,true,False,True,
1mhp_0222,1MHP,1mhp_0222,3,antibody,-1.2,experimental,H:T50V@antibody;L:S28Q@antibody;L:N52Y@antibody,antibody-antigen,"H:T50V,L:S28Q,L:N52Y",H:T50V@antibody;L:S28Q@antibody;L:N52Y@antibody,A_HL,Integrin-I,Neutralizing hu-FAB,HL,A,true,true,False,False,unsupported_mutation_count
1mhp_0223,1MHP,1mhp_0223,2,antibody,8,experimental,H:H56N@antibody__H:Y58E@antibody,antibody-antigen,"H:Y58E,H:H56N",H:Y58E@antibody;H:H56N@antibody,A_HL,Integrin-I,Neutralizing hu-FAB,HL,A,true,true,False,False,charge_changing_v2
1mhp_0224,1MHP,1mhp_0224,2,antibody,8,experimental,H:H56N@antibody__H:Y58Q@antibody,antibody-antigen,"H:Y58Q,H:H56N",H:Y58Q@antibody;H:H56N@antibody,A_HL,Integrin-I,Neutralizing hu-FAB,HL,A,true,true,False,True,
1mhp_0225,1MHP,1mhp_0225,2,antibody,0.43,experimental,L:N30Y@antibody__L:S91I@antibody,antibody-antigen,"L:N30Y,L:S91I",L:N30Y@antibody;L:S91I@antibody,A_HL,Integrin-I,Neutralizing hu-FAB,HL,A,true,true,False,True,
1mhp_0226,1MHP,1mhp_0226,2,antibody,0.87,experimental,L:F33Y@antibody__L:W90Q@antibody,antibody-antigen,"L:W90Q,L:F33Y",L:W90Q@antibody;L:F33Y@antibody,A_HL,Integrin-I,Neutralizing hu-FAB,HL,A,true,true,False,True,
1mhp_0227,1MHP,1mhp_0227,1,antibody,0,experimental,H:F99W@antibody,antibody-antigen,H:F99W,H:F99W@antibody,A_HL,Integrin-I,Neutralizing hu-FAB,HL,A,true,true,True,True,
1mhp_0228,1MHP,1mhp_0228,1,antibody,0.76,experimental,H:F99Y@antibody,antibody-antigen,H:F99Y,H:F99Y@antibody,A_HL,Integrin-I,Neutralizing hu-FAB,HL,A,true,true,True,True,
1mhp_0229,1MHP,1mhp_0229,1,antibody,0.57,experimental,H:G100F@antibody,antibody-antigen,H:G100F,H:G100F@antibody,A_HL,Integrin-I,Neutralizing hu-FAB,HL,A,true,true,True,True,
1mhp_0230,1MHP,1mhp_0230,1,antibody,8,experimental,H:G100I@antibody,antibody-antigen,H:G100I,H:G100I@antibody,A_HL,Integrin-I,Neutralizing hu-FAB,HL,A,true,true,True,True,
1mhp_0231,1MHP,1mhp_0231,1,antibody,2.73,experimental,H:G100L@antibody,antibody-antigen,H:G100L,H:G100L@antibody,A_HL,Integrin-I,Neutralizing hu-FAB,HL,A,true,true,True,True,
1mhp_0232,1MHP,1mhp_0232,1,antibody,0.1,experimental,H:G100M@antibody,antibody-antigen,H:G100M,H:G100M@antibody,A_HL,Integrin-I,Neutralizing hu-FAB,HL,A,true,true,True,True,
1mhp_0233,1MHP,1mhp_0233,1,antibody,0.56,experimental,H:G100S@antibody,antibody-antigen,H:G100S,H:G100S@antibody,A_HL,Integrin-I,Neutralizing hu-FAB,HL,A,true,true,True,True,
1mhp_0234,1MHP,1mhp_0234,1,antibody,8,experimental,H:G100V@antibody,antibody-antigen,H:G100V,H:G100V@antibody,A_HL,Integrin-I,Neutralizing hu-FAB,HL,A,true,true,True,True,
1mhp_0235,1MHP,1mhp_0235,1,antibody,8,experimental,H:G102S@antibody,antibody-antigen,H:G102S,H:G102S@antibody,A_HL,Integrin-I,Neutralizing hu-FAB,HL,A,true,true,True,True,
1mhp_0236,1MHP,1mhp_0236,1,antibody,0.51,experimental,H:G53A@antibody,antibody-antigen,H:G53A,H:G53A@antibody,A_HL,Integrin-I,Neutralizing hu-FAB,HL,A,true,true,True,True,
1mhp_0237,1MHP,1mhp_0237,1,antibody,1.26,experimental,H:G53N@antibody,antibody-antigen,H:G53N,H:G53N@antibody,A_HL,Integrin-I,Neutralizing hu-FAB,HL,A,true,true,True,True,
1mhp_0238,1MHP,1mhp_0238,1,antibody,8,experimental,H:G53Q@antibody,antibody-antigen,H:G53Q,H:G53Q@antibody,A_HL,Integrin-I,Neutralizing hu-FAB,HL,A,true,true,True,True,
1mhp_0239,1MHP,1mhp_0239,1,antibody,0.68,experimental,H:G53S@antibody,antibody-antigen,H:G53S,H:G53S@antibody,A_HL,Integrin-I,Neutralizing hu-FAB,HL,A,true,true,True,True,
1mhp_0240,1MHP,1mhp_0240,1,antibody,8,experimental,H:G53W@antibody,antibody-antigen,H:G53W,H:G53W@antibody,A_HL,Integrin-I,Neutralizing hu-FAB,HL,A,true,true,True,True,
1mhp_0241,1MHP,1mhp_0241,1,antibody,1.36,experimental,H:G54I@antibody,antibody-antigen,H:G54I,H:G54I@antibody,A_HL,Integrin-I,Neutralizing hu-FAB,HL,A,true,true,True,True,
1mhp_0242,1MHP,1mhp_0242,1,antibody,8,experimental,H:G54M@antibody,antibody-antigen,H:G54M,H:G54M@antibody,A_HL,Integrin-I,Neutralizing hu-FAB,HL,A,true,true,True,True,
1mhp_0243,1MHP,1mhp_0243,1,antibody,8,experimental,H:G54N@antibody,antibody-antigen,H:G54N,H:G54N@antibody,A_HL,Integrin-I,Neutralizing hu-FAB,HL,A,true,true,True,True,
1mhp_0244,1MHP,1mhp_0244,1,antibody,1.17,experimental,H:G54T@antibody,antibody-antigen,H:G54T,H:G54T@antibody,A_HL,Integrin-I,Neutralizing hu-FAB,HL,A,true,true,True,True,
1mhp_0245,1MHP,1mhp_0245,1,antibody,0,experimental,H:G54Y@antibody,antibody-antigen,H:G54Y,H:G54Y@antibody,A_HL,Integrin-I,Neutralizing hu-FAB,HL,A,true,true,True,True,
1mhp_0246,1MHP,1mhp_0246,1,antibody,8,experimental,H:H56Y@antibody,antibody-antigen,H:H56Y,H:H56Y@antibody,A_HL,Integrin-I,Neutralizing hu-FAB,HL,A,true,true,True,True,
1mhp_0247,1MHP,1mhp_0247,1,antibody,-0.12,experimental,H:K64D@antibody,antibody-antigen,H:K64D,H:K64D@antibody,A_HL,Integrin-I,Neutralizing hu-FAB,HL,A,true,true,False,False,charge_changing_v1
1mhp_0248,1MHP,1mhp_0248,1,antibody,-0.16,experimental,H:K64E@antibody,antibody-antigen,H:K64E,H:K64E@antibody,A_HL,Integrin-I,Neutralizing hu-FAB,HL,A,true,true,False,False,charge_changing_v1
1mhp_0249,1MHP,1mhp_0249,1,antibody,-0.07,experimental,H:K64N@antibody,antibody-antigen,H:K64N,H:K64N@antibody,A_HL,Integrin-I,Neutralizing hu-FAB,HL,A,true,true,False,False,charge_changing_v1
1mhp_0250,1MHP,1mhp_0250,1,antibody,-0.16,experimental,H:K64Q@antibody,antibody-antigen,H:K64Q,H:K64Q@antibody,A_HL,Integrin-I,Neutralizing hu-FAB,HL,A,true,true,False,False,charge_changing_v1
1mhp_0251,1MHP,1mhp_0251,1,antibody,-0.12,experimental,H:L60D@antibody,antibody-antigen,H:L60D,H:L60D@antibody,A_HL,Integrin-I,Neutralizing hu-FAB,HL,A,true,true,False,False,charge_changing_v1
1mhp_0252,1MHP,1mhp_0252,1,antibody,1.31,experimental,H:R31Q@antibody,antibody-antigen,H:R31Q,H:R31Q@antibody,A_HL,Integrin-I,Neutralizing hu-FAB,HL,A,true,true,False,False,charge_changing_v1
1mhp_0253,1MHP,1mhp_0253,1,antibody,1.58,experimental,H:S35A@antibody,antibody-antigen,H:S35A,H:S35A@antibody,A_HL,Integrin-I,Neutralizing hu-FAB,HL,A,true,true,True,True,
1mhp_0254,1MHP,1mhp_0254,1,antibody,2.73,experimental,H:S35Q@antibody,antibody-antigen,H:S35Q,H:S35Q@antibody,A_HL,Integrin-I,Neutralizing hu-FAB,HL,A,true,true,True,True,
1mhp_0255,1MHP,1mhp_0255,1,antibody,8,experimental,H:S35V@antibody,antibody-antigen,H:S35V,H:S35V@antibody,A_HL,Integrin-I,Neutralizing hu-FAB,HL,A,true,true,True,True,
1mhp_0256,1MHP,1mhp_0256,1,antibody,2.08,experimental,H:S52M@antibody,antibody-antigen,H:S52M,H:S52M@antibody,A_HL,Integrin-I,Neutralizing hu-FAB,HL,A,true,true,True,True,
1mhp_0257,1MHP,1mhp_0257,1,antibody,8,experimental,H:S52T@antibody,antibody-antigen,H:S52T,H:S52T@antibody,A_HL,Integrin-I,Neutralizing hu-FAB,HL,A,true,true,True,True,
1mhp_0258,1MHP,1mhp_0258,1,antibody,2.73,experimental,H:T33N@antibody,antibody-antigen,H:T33N,H:T33N@antibody,A_HL,Integrin-I,Neutralizing hu-FAB,HL,A,true,true,True,True,
1mhp_0259,1MHP,1mhp_0259,1,antibody,8,experimental,H:T33Q@antibody,antibody-antigen,H:T33Q,H:T33Q@antibody,A_HL,Integrin-I,Neutralizing hu-FAB,HL,A,true,true,True,True,
1mhp_0260,1MHP,1mhp_0260,1,antibody,0.43,experimental,H:T33V@antibody,antibody-antigen,H:T33V,H:T33V@antibody,A_HL,Integrin-I,Neutralizing hu-FAB,HL,A,true,true,True,True,
1mhp_0261,1MHP,1mhp_0261,1,antibody,8,experimental,H:T50E@antibody,antibody-antigen,H:T50E,H:T50E@antibody,A_HL,Integrin-I,Neutralizing hu-FAB,HL,A,true,true,False,False,charge_changing_v1
1mhp_0262,1MHP,1mhp_0262,1,antibody,8,experimental,H:T50Q@antibody,antibody-antigen,H:T50Q,H:T50Q@antibody,A_HL,Integrin-I,Neutralizing hu-FAB,HL,A,true,true,True,True,
1mhp_0263,1MHP,1mhp_0263,1,antibody,-0.26,experimental,H:T50V@antibody,antibody-antigen,H:T50V,H:T50V@antibody,A_HL,Integrin-I,Neutralizing hu-FAB,HL,A,true,true,True,True,
1mhp_0264,1MHP,1mhp_0264,1,antibody,2.08,experimental,H:Y58E@antibody,antibody-antigen,H:Y58E,H:Y58E@antibody,A_HL,Integrin-I,Neutralizing hu-FAB,HL,A,true,true,False,False,charge_changing_v1
1mhp_0265,1MHP,1mhp_0265,1,antibody,2.08,experimental,H:Y58Q@antibody,antibody-antigen,H:Y58Q,H:Y58Q@antibody,A_HL,Integrin-I,Neutralizing hu-FAB,HL,A,true,true,True,True,
1mhp_0266,1MHP,1mhp_0266,1,antibody,0.82,experimental,H:Y58W@antibody,antibody-antigen,H:Y58W,H:Y58W@antibody,A_HL,Integrin-I,Neutralizing hu-FAB,HL,A,true,true,True,True,
1mhp_0267,1MHP,1mhp_0267,1,antibody,0.54,experimental,H:Y59E@antibody,antibody-antigen,H:Y59E,H:Y59E@antibody,A_HL,Integrin-I,Neutralizing hu-FAB,HL,A,true,true,False,False,charge_changing_v1
1mhp_0268,1MHP,1mhp_0268,1,antibody,1.58,experimental,L:G92Q@antibody,antibody-antigen,L:G92Q,L:G92Q@antibody,A_HL,Integrin-I,Neutralizing hu-FAB,HL,A,true,true,True,True,
1mhp_0269,1MHP,1mhp_0269,1,antibody,0.51,experimental,L:G92S@antibody,antibody-antigen,L:G92S,L:G92S@antibody,A_HL,Integrin-I,Neutralizing hu-FAB,HL,A,true,true,True,True,
1mhp_0270,1MHP,1mhp_0270,1,antibody,1.17,experimental,L:H31K@antibody,antibody-antigen,L:H31K,L:H31K@antibody,A_HL,Integrin-I,Neutralizing hu-FAB,HL,A,true,true,False,False,charge_changing_v1
1mhp_0271,1MHP,1mhp_0271,1,antibody,1.12,experimental,L:H31R@antibody,antibody-antigen,L:H31R,L:H31R@antibody,A_HL,Integrin-I,Neutralizing hu-FAB,HL,A,true,true,False,False,charge_changing_v1
1mhp_0272,1MHP,1mhp_0272,1,antibody,1.26,experimental,L:H31W@antibody,antibody-antigen,L:H31W,L:H31W@antibody,A_HL,Integrin-I,Neutralizing hu-FAB,HL,A,true,true,True,True,
1mhp_0273,1MHP,1mhp_0273,1,antibody,0.71,experimental,L:L49F@antibody,antibody-antigen,L:L49F,L:L49F@antibody,A_HL,Integrin-I,Neutralizing hu-FAB,HL,A,true,true,True,True,
1mhp_0274,1MHP,1mhp_0274,1,antibody,0.93,experimental,L:L49K@antibody,antibody-antigen,L:L49K,L:L49K@antibody,A_HL,Integrin-I,Neutralizing hu-FAB,HL,A,true,true,False,False,charge_changing_v1
1mhp_0275,1MHP,1mhp_0275,1,antibody,1.91,experimental,L:L49W@antibody,antibody-antigen,L:L49W,L:L49W@antibody,A_HL,Integrin-I,Neutralizing hu-FAB,HL,A,true,true,True,True,
1mhp_0276,1MHP,1mhp_0276,1,antibody,8,experimental,L:L49Y@antibody,antibody-antigen,L:L49Y,L:L49Y@antibody,A_HL,Integrin-I,Neutralizing hu-FAB,HL,A,true,true,True,True,
1mhp_0277,1MHP,1mhp_0277,1,antibody,8,experimental,L:N30K@antibody,antibody-antigen,L:N30K,L:N30K@antibody,A_HL,Integrin-I,Neutralizing hu-FAB,HL,A,true,true,False,False,charge_changing_v1
1mhp_0278,1MHP,1mhp_0278,1,antibody,1.05,experimental,L:N30V@antibody,antibody-antigen,L:N30V,L:N30V@antibody,A_HL,Integrin-I,Neutralizing hu-FAB,HL,A,true,true,True,True,
1mhp_0279,1MHP,1mhp_0279,1,antibody,1.58,experimental,L:N30W@antibody,antibody-antigen,L:N30W,L:N30W@antibody,A_HL,Integrin-I,Neutralizing hu-FAB,HL,A,true,true,True,True,
1mhp_0280,1MHP,1mhp_0280,1,antibody,1.91,experimental,L:N30Y@antibody,antibody-antigen,L:N30Y,L:N30Y@antibody,A_HL,Integrin-I,Neutralizing hu-FAB,HL,A,true,true,True,True,
1mhp_0281,1MHP,1mhp_0281,1,antibody,0.5,experimental,L:N52D@antibody,antibody-antigen,L:N52D,L:N52D@antibody,A_HL,Integrin-I,Neutralizing hu-FAB,HL,A,true,true,False,False,charge_changing_v1
1mhp_0282,1MHP,1mhp_0282,1,antibody,-0.18,experimental,L:N52E@antibody,antibody-antigen,L:N52E,L:N52E@antibody,A_HL,Integrin-I,Neutralizing hu-FAB,HL,A,true,true,False,False,charge_changing_v1
1mhp_0283,1MHP,1mhp_0283,1,antibody,0.66,experimental,L:N52K@antibody,antibody-antigen,L:N52K,L:N52K@antibody,A_HL,Integrin-I,Neutralizing hu-FAB,HL,A,true,true,False,False,charge_changing_v1
1mhp_0284,1MHP,1mhp_0284,1,antibody,0.85,experimental,L:N52R@antibody,antibody-antigen,L:N52R,L:N52R@antibody,A_HL,Integrin-I,Neutralizing hu-FAB,HL,A,true,true,False,False,charge_changing_v1
1mhp_0285,1MHP,1mhp_0285,1,antibody,-0.1,experimental,L:N52Y@antibody,antibody-antigen,L:N52Y,L:N52Y@antibody,A_HL,Integrin-I,Neutralizing hu-FAB,HL,A,true,true,True,True,
1mhp_0286,1MHP,1mhp_0286,1,antibody,8,experimental,L:N93D@antibody,antibody-antigen,L:N93D,L:N93D@antibody,A_HL,Integrin-I,Neutralizing hu-FAB,HL,A,true,true,False,False,charge_changing_v1
1mhp_0287,1MHP,1mhp_0287,1,antibody,-0.07,experimental,L:S24R@antibody,antibody-antigen,L:S24R,L:S24R@antibody,A_HL,Integrin-I,Neutralizing hu-FAB,HL,A,true,true,False,False,charge_changing_v1
1mhp_0288,1MHP,1mhp_0288,1,antibody,-0.67,experimental,L:S28Q@antibody,antibody-antigen,L:S28Q,L:S28Q@antibody,A_HL,Integrin-I,Neutralizing hu-FAB,HL,A,true,true,True,True,
1mhp_0289,1MHP,1mhp_0289,1,antibody,8,experimental,L:S91K@antibody,antibody-antigen,L:S91K,L:S91K@antibody,A_HL,Integrin-I,Neutralizing hu-FAB,HL,A,true,true,False,False,charge_changing_v1
1mhp_0290,1MHP,1mhp_0290,1,antibody,1.78,experimental,L:S91Q@antibody,antibody-antigen,L:S91Q,L:S91Q@antibody,A_HL,Integrin-I,Neutralizing hu-FAB,HL,A,true,true,True,True,
1mhp_0291,1MHP,1mhp_0291,1,antibody,2.73,experimental,L:S91R@antibody,antibody-antigen,L:S91R,L:S91R@antibody,A_HL,Integrin-I,Neutralizing hu-FAB,HL,A,true,true,False,False,charge_changing_v1
1mhp_0292,1MHP,1mhp_0292,1,antibody,2.32,experimental,L:S91T@antibody,antibody-antigen,L:S91T,L:S91T@antibody,A_HL,Integrin-I,Neutralizing hu-FAB,HL,A,true,true,True,True,
1mhp_0293,1MHP,1mhp_0293,1,antibody,8,experimental,L:S91W@antibody,antibody-antigen,L:S91W,L:S91W@antibody,A_HL,Integrin-I,Neutralizing hu-FAB,HL,A,true,true,True,True,
1mhp_0294,1MHP,1mhp_0294,1,antibody,2.08,experimental,L:W90Q@antibody,antibody-antigen,L:W90Q,L:W90Q@antibody,A_HL,Integrin-I,Neutralizing hu-FAB,HL,A,true,true,True,True,
1mlc_0295,1MLC,1mlc_0295,2,antibody,-0.99,experimental,H:S57V@antibody__H:T58D@antibody,antibody-antigen,"H:S57V,H:T58D",H:S57V@antibody;H:T58D@antibody,E_HL,D44.1 Fab,Lysozyme,HL,E,true,true,False,False,charge_changing_v2
1mlc_0296,1MLC,1mlc_0296,4,antibody,-1.74,experimental,H:S57V@antibody;H:T58D@antibody;L:N32G@antibody;L:N92A@antibody,antibody-antigen,"H:S57V,H:T58D,L:N32G,L:N92A",H:S57V@antibody;H:T58D@antibody;L:N32G@antibody;L:N92A@antibody,E_HL,D44.1 Fab,Lysozyme,HL,E,true,true,False,False,unsupported_mutation_count
1mlc_0297,1MLC,1mlc_0297,3,antibody,-2.4,experimental,H:S57V@antibody;H:T58D@antibody;L:N92A@antibody,antibody-antigen,"H:S57V,H:T58D,L:N92A",H:S57V@antibody;H:T58D@antibody;L:N92A@antibody,E_HL,D44.1 Fab,Lysozyme,HL,E,true,true,False,False,unsupported_mutation_count
1mlc_0298,1MLC,1mlc_0298,6,antibody,-2.95,experimental,H:T28D@antibody;H:E35S@antibody;H:S57V@antibody;H:T58D@antibody;H:G99D@antibody;L:N92A@antibody,antibody-antigen,"H:T28D,H:E35S,H:S57V,H:T58D,H:G99D,L:N92A",H:T28D@antibody;H:E35S@antibody;H:S57V@antibody;H:T58D@antibody;H:G99D@antibody;L:N92A@antibody,E_HL,D44.1 Fab,Lysozyme,HL,E,true,true,False,False,unsupported_mutation_count
1mlc_0299,1MLC,1mlc_0299,5,antibody,1.91,experimental,H:T28D@antibody;H:E35S@antibody;H:S57V@antibody;H:T58D@antibody;L:N92A@antibody,antibody-antigen,"H:T28D,H:E35S,H:S57V,H:T58D,L:N92A",H:T28D@antibody;H:E35S@antibody;H:S57V@antibody;H:T58D@antibody;L:N92A@antibody,E_HL,D44.1 Fab,Lysozyme,HL,E,true,true,False,False,unsupported_mutation_count
1mlc_0300,1MLC,1mlc_0300,5,antibody,-2.36,experimental,H:T28D@antibody;H:S30G@antibody;H:S57V@antibody;H:T58D@antibody;L:N92A@antibody,antibody-antigen,"H:T28D,H:S30G,H:S57V,H:T58D,L:N92A",H:T28D@antibody;H:S30G@antibody;H:S57V@antibody;H:T58D@antibody;L:N92A@antibody,E_HL,D44.1 Fab,Lysozyme,HL,E,true,true,False,False,unsupported_mutation_count
1mlc_0301,1MLC,1mlc_0301,5,antibody,-0.2,experimental,H:T28D@antibody;H:S57V@antibody;H:T58D@antibody;H:G99D@antibody;L:N92A@antibody,antibody-antigen,"H:T28D,H:S57V,H:T58D,H:G99D,L:N92A",H:T28D@antibody;H:S57V@antibody;H:T58D@antibody;H:G99D@antibody;L:N92A@antibody,E_HL,D44.1 Fab,Lysozyme,HL,E,true,true,False,False,unsupported_mutation_count
1mlc_0302,1MLC,1mlc_0302,6,antibody,-0.41,experimental,H:T28D@antibody;H:S57V@antibody;H:T58D@antibody;H:R98M@antibody;H:D100Q@antibody;L:N92A@antibody,antibody-antigen,"H:T28D,H:S57V,H:T58D,H:R98M,H:D100Q,L:N92A",H:T28D@antibody;H:S57V@antibody;H:T58D@antibody;H:R98M@antibody;H:D100Q@antibody;L:N92A@antibody,E_HL,D44.1 Fab,Lysozyme,HL,E,true,true,False,False,unsupported_mutation_count
1mlc_0303,1MLC,1mlc_0303,5,antibody,-1.47,experimental,H:T28D@antibody;H:S57V@antibody;H:T58D@antibody;H:Y59E@antibody;L:N92A@antibody,antibody-antigen,"H:T28D,H:S57V,H:T58D,H:Y59E,L:N92A",H:T28D@antibody;H:S57V@antibody;H:T58D@antibody;H:Y59E@antibody;L:N92A@antibody,E_HL,D44.1 Fab,Lysozyme,HL,E,true,true,False,False,unsupported_mutation_count
1mlc_0304,1MLC,1mlc_0304,5,antibody,-2.59,experimental,H:T28D@antibody;H:S57V@antibody;H:T58D@antibody;L:N32L@antibody;L:N92A@antibody,antibody-antigen,"H:T28D,H:S57V,H:T58D,L:N32L,L:N92A",H:T28D@antibody;H:S57V@antibody;H:T58D@antibody;L:N32L@antibody;L:N92A@antibody,E_HL,D44.1 Fab,Lysozyme,HL,E,true,true,False,False,unsupported_mutation_count
1mlc_0305,1MLC,1mlc_0305,4,antibody,-2.74,experimental,H:T28D@antibody;H:S57V@antibody;H:T58D@antibody;L:N92A@antibody,antibody-antigen,"H:T28D,H:S57V,H:T58D,L:N92A",H:T28D@antibody;H:S57V@antibody;H:T58D@antibody;L:N92A@antibody,E_HL,D44.1 Fab,Lysozyme,HL,E,true,true,False,False,unsupported_mutation_count
1mlc_0306,1MLC,1mlc_0306,5,antibody,1.78,experimental,H:T28D@antibody;H:S57V@antibody;H:T58D@antibody;L:S91N@antibody;L:N92A@antibody,antibody-antigen,"H:T28D,H:S57V,H:T58D,L:S91N,L:N92A",H:T28D@antibody;H:S57V@antibody;H:T58D@antibody;L:S91N@antibody;L:N92A@antibody,E_HL,D44.1 Fab,Lysozyme,HL,E,true,true,False,False,unsupported_mutation_count
1mlc_0307,1MLC,1mlc_0307,6,antibody,-1.61,experimental,H:T28D@antibody;H:S57V@antibody;H:T58D@antibody;L:S91N@antibody;L:N92A@antibody;L:S93A@antibody,antibody-antigen,"H:T28D,H:S57V,H:T58D,L:S91N,L:N92A,L:S93A",H:T28D@antibody;H:S57V@antibody;H:T58D@antibody;L:S91N@antibody;L:N92A@antibody;L:S93A@antibody,E_HL,D44.1 Fab,Lysozyme,HL,E,true,true,False,False,unsupported_mutation_count
1mlc_0308,1MLC,1mlc_0308,6,antibody,1.78,experimental,H:T28D@antibody;H:Y32R@antibody;H:S57V@antibody;H:T58D@antibody;H:R98S@antibody;L:N92A@antibody,antibody-antigen,"H:T28D,H:Y32R,H:S57V,H:T58D,H:R98S,L:N92A",H:T28D@antibody;H:Y32R@antibody;H:S57V@antibody;H:T58D@antibody;H:R98S@antibody;L:N92A@antibody,E_HL,D44.1 Fab,Lysozyme,HL,E,true,true,False,False,unsupported_mutation_count
1mlc_0309,1MLC,1mlc_0309,7,antibody,0.41,experimental,H:T28D@antibody;H:Y32W@antibody;H:S57V@antibody;H:T58D@antibody;H:R98V@antibody;H:D100Q@antibody;L:N92A@antibody,antibody-antigen,"H:T28D,H:Y32W,H:S57V,H:T58D,H:R98V,H:D100Q,L:N92A",H:T28D@antibody;H:Y32W@antibody;H:S57V@antibody;H:T58D@antibody;H:R98V@antibody;H:D100Q@antibody;L:N92A@antibody,E_HL,D44.1 Fab,Lysozyme,HL,E,true,true,False,False,unsupported_mutation_count
1mlc_0310,1MLC,1mlc_0310,2,antibody,-0.69,experimental,L:N32G@antibody__L:N92A@antibody,antibody-antigen,"L:N32G,L:N92A",L:N32G@antibody;L:N92A@antibody,E_HL,D44.1 Fab,Lysozyme,HL,E,true,true,False,True,
1mlc_0311,1MLC,1mlc_0311,1,antibody,0.02,experimental,H:K65D@antibody,antibody-antigen,H:K65D,H:K65D@antibody,E_HL,D44.1 Fab,Lysozyme,HL,E,true,true,False,False,charge_changing_v1
1mlc_0312,1MLC,1mlc_0312,1,antibody,-0.38,experimental,H:S57A@antibody,antibody-antigen,H:S57A,H:S57A@antibody,E_HL,D44.1 Fab,Lysozyme,HL,E,true,true,True,True,
1mlc_0313,1MLC,1mlc_0313,1,antibody,-0.49,experimental,H:S57V@antibody,antibody-antigen,H:S57V,H:S57V@antibody,E_HL,D44.1 Fab,Lysozyme,HL,E,true,true,True,True,
1mlc_0314,1MLC,1mlc_0314,1,antibody,-0.15,experimental,H:T28D@antibody,antibody-antigen,H:T28D,H:T28D@antibody,E_HL,D44.1 Fab,Lysozyme,HL,E,true,true,False,False,charge_changing_v1
1mlc_0315,1MLC,1mlc_0315,1,antibody,0.45,experimental,H:T31A@antibody,antibody-antigen,H:T31A,H:T31A@antibody,E_HL,D44.1 Fab,Lysozyme,HL,E,true,true,True,True,
1mlc_0316,1MLC,1mlc_0316,1,antibody,0.53,experimental,H:T31V@antibody,antibody-antigen,H:T31V,H:T31V@antibody,E_HL,D44.1 Fab,Lysozyme,HL,E,true,true,True,True,
1mlc_0317,1MLC,1mlc_0317,1,antibody,0.13,experimental,H:T31W@antibody,antibody-antigen,H:T31W,H:T31W@antibody,E_HL,D44.1 Fab,Lysozyme,HL,E,true,true,True,True,
1mlc_0318,1MLC,1mlc_0318,1,antibody,-0.56,experimental,H:T58D@antibody,antibody-antigen,H:T58D,H:T58D@antibody,E_HL,D44.1 Fab,Lysozyme,HL,E,true,true,False,False,charge_changing_v1
1mlc_0319,1MLC,1mlc_0319,1,antibody,-0.85,experimental,L:N32G@antibody,antibody-antigen,L:N32G,L:N32G@antibody,E_HL,D44.1 Fab,Lysozyme,HL,E,true,true,True,True,
1mlc_0320,1MLC,1mlc_0320,1,antibody,0,experimental,L:N32Y@antibody,antibody-antigen,L:N32Y,L:N32Y@antibody,E_HL,D44.1 Fab,Lysozyme,HL,E,true,true,True,True,
1mlc_0321,1MLC,1mlc_0321,1,antibody,-1.25,experimental,L:N92A@antibody,antibody-antigen,L:N92A,L:N92A@antibody,E_HL,D44.1 Fab,Lysozyme,HL,E,true,true,True,True,
1n8z_0322,1N8Z,1n8z_0322,2,antibody,8,experimental,H:W95A@antibody__H:Y100AA@antibody,antibody-antigen,"H:W95A,H:Y100aA",H:W95A@antibody;H:Y100AA@antibody,C_HL,hu-HER2,Herceptin (fab),HL,C,true,true,False,True,
1n8z_0323,1N8Z,1n8z_0323,2,antibody,8,experimental,H:Y100AA@antibody__L:H91A@antibody,antibody-antigen,"L:H91A,H:Y100aA",L:H91A@antibody;H:Y100AA@antibody,C_HL,hu-HER2,Herceptin (fab),HL,C,true,true,False,True,
1n8z_0324,1N8Z,1n8z_0324,3,antibody,-0.07,experimental,L:N30S@antibody;L:H91F@antibody;L:Y92W@antibody,antibody-antigen,"L:N30S,L:H91F,L:Y92W",L:N30S@antibody;L:H91F@antibody;L:Y92W@antibody,C_HL,hu-HER2,Herceptin (fab),HL,C,true,true,False,False,unsupported_mutation_count
1n8z_0325,1N8Z,1n8z_0325,7,antibody,0.05,experimental,L:N30S@antibody;L:H91F@antibody;L:Y92W@antibody;L:T94S@antibody;H:D98W@antibody;H:Y100AF@antibody;H:Y102V@antibody,antibody-antigen,"L:N30S,L:H91F,L:Y92W,L:T94S,H:D98W,H:Y100aF,H:Y102V",L:N30S@antibody;L:H91F@antibody;L:Y92W@antibody;L:T94S@antibody;H:D98W@antibody;H:Y100AF@antibody;H:Y102V@antibody,C_HL,hu-HER2,Herceptin (fab),HL,C,true,true,False,False,unsupported_mutation_count
1n8z_0326,1N8Z,1n8z_0326,1,antibody,0.25,experimental,H:D31A@antibody,antibody-antigen,H:D31A,H:D31A@antibody,C_HL,hu-HER2,Herceptin (fab),HL,C,true,true,False,False,charge_changing_v1
1n8z_0327,1N8Z,1n8z_0327,1,antibody,1.21,experimental,H:D98A@antibody,antibody-antigen,H:D98A,H:D98A@antibody,C_HL,hu-HER2,Herceptin (fab),HL,C,true,true,False,False,charge_changing_v1
1n8z_0328,1N8Z,1n8z_0328,1,antibody,-0.69,experimental,H:D98W@antibody,antibody-antigen,H:D98W,H:D98W@antibody,C_HL,hu-HER2,Herceptin (fab),HL,C,true,true,False,False,charge_changing_v1
1n8z_0329,1N8Z,1n8z_0329,1,antibody,1.17,experimental,H:F100A@antibody,antibody-antigen,H:F100A,H:F100A@antibody,C_HL,hu-HER2,Herceptin (fab),HL,C,true,true,True,True,
1n8z_0330,1N8Z,1n8z_0330,1,antibody,0.61,experimental,H:K30A@antibody,antibody-antigen,H:K30A,H:K30A@antibody,C_HL,hu-HER2,Herceptin (fab),HL,C,true,true,False,False,charge_changing_v1
1n8z_0331,1N8Z,1n8z_0331,1,antibody,-0.15,experimental,H:N54A@antibody,antibody-antigen,H:N54A,H:N54A@antibody,C_HL,hu-HER2,Herceptin (fab),HL,C,true,true,True,True,
1n8z_0332,1N8Z,1n8z_0332,1,antibody,8,experimental,H:R50A@antibody,antibody-antigen,H:R50A,H:R50A@antibody,C_HL,hu-HER2,Herceptin (fab),HL,C,true,true,False,False,charge_changing_v1
1n8z_0333,1N8Z,1n8z_0333,1,antibody,0.38,experimental,H:T32A@antibody,antibody-antigen,H:T32A,H:T32A@antibody,C_HL,hu-HER2,Herceptin (fab),HL,C,true,true,True,True,
1n8z_0334,1N8Z,1n8z_0334,1,antibody,0.78,experimental,H:T53A@antibody,antibody-antigen,H:T53A,H:T53A@antibody,C_HL,hu-HER2,Herceptin (fab),HL,C,true,true,True,True,
1n8z_0335,1N8Z,1n8z_0335,1,antibody,8,experimental,H:W95A@antibody,antibody-antigen,H:W95A,H:W95A@antibody,C_HL,hu-HER2,Herceptin (fab),HL,C,true,true,True,True,
1n8z_0336,1N8Z,1n8z_0336,1,antibody,8,experimental,H:Y100AA@antibody,antibody-antigen,H:Y100aA,H:Y100AA@antibody,C_HL,hu-HER2,Herceptin (fab),HL,C,true,true,True,True,
1n8z_0337,1N8Z,1n8z_0337,1,antibody,-0.05,experimental,H:Y100AF@antibody,antibody-antigen,H:Y100aF,H:Y100AF@antibody,C_HL,hu-HER2,Herceptin (fab),HL,C,true,true,True,True,
1n8z_0338,1N8Z,1n8z_0338,1,antibody,0.82,experimental,H:Y100AF@antibody,antibody-antigen,H:Y100aF,H:Y100AF@antibody,C_HL,hu-HER2,Herceptin (fab),HL,C,true,true,True,True,
1n8z_0339,1N8Z,1n8z_0339,1,antibody,0.22,experimental,H:Y102V@antibody,antibody-antigen,H:Y102V,H:Y102V@antibody,C_HL,hu-HER2,Herceptin (fab),HL,C,true,true,True,True,
1n8z_0340,1N8Z,1n8z_0340,1,antibody,-0.09,experimental,H:Y33A@antibody,antibody-antigen,H:Y33A,H:Y33A@antibody,C_HL,hu-HER2,Herceptin (fab),HL,C,true,true,True,True,
1n8z_0341,1N8Z,1n8z_0341,1,antibody,0.23,experimental,H:Y52A@antibody,antibody-antigen,H:Y52A,H:Y52A@antibody,C_HL,hu-HER2,Herceptin (fab),HL,C,true,true,True,True,
1n8z_0342,1N8Z,1n8z_0342,1,antibody,0.87,experimental,H:Y56A@antibody,antibody-antigen,H:Y56A,H:Y56A@antibody,C_HL,hu-HER2,Herceptin (fab),HL,C,true,true,True,True,
1n8z_0343,1N8Z,1n8z_0343,1,antibody,-0.28,experimental,L:D28N@antibody,antibody-antigen,L:D28N,L:D28N@antibody,C_HL,hu-HER2,Herceptin (fab),HL,C,true,true,False,False,charge_changing_v1
1n8z_0344,1N8Z,1n8z_0344,1,antibody,1.21,experimental,L:F53N@antibody,antibody-antigen,L:F53N,L:F53N@antibody,C_HL,hu-HER2,Herceptin (fab),HL,C,true,true,True,True,
1n8z_0345,1N8Z,1n8z_0345,1,antibody,8,experimental,L:H91A@antibody,antibody-antigen,L:H91A,L:H91A@antibody,C_HL,hu-HER2,Herceptin (fab),HL,C,true,true,True,True,
1n8z_0346,1N8Z,1n8z_0346,1,antibody,-0.43,experimental,L:H91F@antibody,antibody-antigen,L:H91F,L:H91F@antibody,C_HL,hu-HER2,Herceptin (fab),HL,C,true,true,True,True,
1n8z_0347,1N8Z,1n8z_0347,1,antibody,0.03,experimental,L:H91F@antibody,antibody-antigen,L:H91F,L:H91F@antibody,C_HL,hu-HER2,Herceptin (fab),HL,C,true,true,True,True,
1n8z_0348,1N8Z,1n8z_0348,1,antibody,1.12,experimental,L:N30A@antibody,antibody-antigen,L:N30A,L:N30A@antibody,C_HL,hu-HER2,Herceptin (fab),HL,C,true,true,True,True,
1n8z_0349,1N8Z,1n8z_0349,1,antibody,0.06,experimental,L:N30S@antibody,antibody-antigen,L:N30S,L:N30S@antibody,C_HL,hu-HER2,Herceptin (fab),HL,C,true,true,True,True,
1n8z_0350,1N8Z,1n8z_0350,1,antibody,0.22,experimental,L:R66G@antibody,antibody-antigen,L:R66G,L:R66G@antibody,C_HL,hu-HER2,Herceptin (fab),HL,C,true,true,False,False,charge_changing_v1
1n8z_0351,1N8Z,1n8z_0351,1,antibody,-0.07,experimental,L:S50A@antibody,antibody-antigen,L:S50A,L:S50A@antibody,C_HL,hu-HER2,Herceptin (fab),HL,C,true,true,True,True,
1n8z_0352,1N8Z,1n8z_0352,1,antibody,-0.31,experimental,L:S52A@antibody,antibody-antigen,L:S52A,L:S52A@antibody,C_HL,hu-HER2,Herceptin (fab),HL,C,true,true,True,True,
1n8z_0353,1N8Z,1n8z_0353,1,antibody,0.8,experimental,L:T31A@antibody,antibody-antigen,L:T31A,L:T31A@antibody,C_HL,hu-HER2,Herceptin (fab),HL,C,true,true,True,True,
1n8z_0354,1N8Z,1n8z_0354,1,antibody,0.82,experimental,L:T93A@antibody,antibody-antigen,L:T93A,L:T93A@antibody,C_HL,hu-HER2,Herceptin (fab),HL,C,true,true,True,True,
1n8z_0355,1N8Z,1n8z_0355,1,antibody,-0.12,experimental,L:T94A@antibody,antibody-antigen,L:T94A,L:T94A@antibody,C_HL,hu-HER2,Herceptin (fab),HL,C,true,true,True,True,
1n8z_0356,1N8Z,1n8z_0356,1,antibody,0.31,experimental,L:T94S@antibody,antibody-antigen,L:T94S,L:T94S@antibody,C_HL,hu-HER2,Herceptin (fab),HL,C,true,true,True,True,
1n8z_0357,1N8Z,1n8z_0357,1,antibody,1.05,experimental,L:Y49A@antibody,antibody-antigen,L:Y49A,L:Y49A@antibody,C_HL,hu-HER2,Herceptin (fab),HL,C,true,true,True,True,
1n8z_0358,1N8Z,1n8z_0358,1,antibody,1.36,experimental,L:Y92A@antibody,antibody-antigen,L:Y92A,L:Y92A@antibody,C_HL,hu-HER2,Herceptin (fab),HL,C,true,true,True,True,
1n8z_0359,1N8Z,1n8z_0359,1,antibody,-0.21,experimental,L:Y92F@antibody,antibody-antigen,L:Y92F,L:Y92F@antibody,C_HL,hu-HER2,Herceptin (fab),HL,C,true,true,True,True,
1t83_0360,1T83,1t83_0360,2,other,2.32,experimental,"A:A327D,B:A327D",antibody-effector,"A:A327D,B:A327D","A:A327D,B:A327D",AB_C,hu-FCgIIIb,Fc-IGG1,,,true,true,False,False,non_antibody_antigen
1t83_0361,1T83,1t83_0361,2,other,1.78,experimental,"A:A327L,B:A327L",antibody-effector,"A:A327L,B:A327L","A:A327L,B:A327L",AB_C,hu-FCgIIIb,Fc-IGG1,,,true,true,False,False,non_antibody_antigen
1t83_0362,1T83,1t83_0362,2,other,0.98,experimental,"A:A327N,B:A327N",antibody-effector,"A:A327N,B:A327N","A:A327N,B:A327N",AB_C,hu-FCgIIIb,Fc-IGG1,,,true,true,False,False,non_antibody_antigen
1t83_0363,1T83,1t83_0363,2,other,0.87,experimental,"A:A327S,B:A327S",antibody-effector,"A:A327S,B:A327S","A:A327S,B:A327S",AB_C,hu-FCgIIIb,Fc-IGG1,,,true,true,False,False,non_antibody_antigen
1t83_0364,1T83,1t83_0364,2,other,2.32,experimental,"A:A327T,B:A327T",antibody-effector,"A:A327T,B:A327T","A:A327T,B:A327T",AB_C,hu-FCgIIIb,Fc-IGG1,,,true,true,False,False,non_antibody_antigen
1t83_0365,1T83,1t83_0365,2,other,0.3,experimental,"A:A330F,B:A330F",antibody-effector,"A:A330F,B:A330F","A:A330F,B:A330F",AB_C,hu-FCgIIIb,Fc-IGG1,,,true,true,False,False,non_antibody_antigen
1t83_0366,1T83,1t83_0366,2,other,0.39,experimental,"A:A330H,B:A330H",antibody-effector,"A:A330H,B:A330H","A:A330H,B:A330H",AB_C,hu-FCgIIIb,Fc-IGG1,,,true,true,False,False,non_antibody_antigen
1t83_0367,1T83,1t83_0367,2,other,-0.32,experimental,"A:A330I,B:A330I",antibody-effector,"A:A330I,B:A330I","A:A330I,B:A330I",AB_C,hu-FCgIIIb,Fc-IGG1,,,true,true,False,False,non_antibody_antigen
1t83_0368,1T83,1t83_0368,2,other,0.19,experimental,"A:A330L,B:A330L",antibody-effector,"A:A330L,B:A330L","A:A330L,B:A330L",AB_C,hu-FCgIIIb,Fc-IGG1,,,true,true,False,False,non_antibody_antigen
1t83_0369,1T83,1t83_0369,4,other,-1.39,experimental,"A:A330L,B:A330L,A:I332E,B:I332E",antibody-effector,"A:A330L,B:A330L,A:I332E,B:I332E","A:A330L,B:A330L,A:I332E,B:I332E",AB_C,hu-FCgIIIb,Fc-IGG1,,,true,true,False,False,non_antibody_antigen;unsupported_mutation_count
1t83_0370,1T83,1t83_0370,2,other,2.32,experimental,"A:A330R,B:A330R",antibody-effector,"A:A330R,B:A330R","A:A330R,B:A330R",AB_C,hu-FCgIIIb,Fc-IGG1,,,true,true,False,False,non_antibody_antigen
1t83_0371,1T83,1t83_0371,2,other,0.5,experimental,"A:A330V,B:A330V",antibody-effector,"A:A330V,B:A330V","A:A330V,B:A330V",AB_C,hu-FCgIIIb,Fc-IGG1,,,true,true,False,False,non_antibody_antigen
1t83_0372,1T83,1t83_0372,2,other,-0.29,experimental,"A:A330Y,B:A330Y",antibody-effector,"A:A330Y,B:A330Y","A:A330Y,B:A330Y",AB_C,hu-FCgIIIb,Fc-IGG1,,,true,true,False,False,non_antibody_antigen
1t83_0373,1T83,1t83_0373,4,other,-1.48,experimental,"A:A330Y,B:A330Y,A:I332E,B:I332E",antibody-effector,"A:A330Y,B:A330Y,A:I332E,B:I332E","A:A330Y,B:A330Y,A:I332E,B:I332E",AB_C,hu-FCgIIIb,Fc-IGG1,,,true,true,False,False,non_antibody_antigen;unsupported_mutation_count
1t83_0374,1T83,1t83_0374,6,other,2.32,experimental,"A:D265F,B:D265F,A:N297E,B:N297E,A:I332E,B:I332E",antibody-effector,"A:D265F,B:D265F,A:N297E,B:N297E,A:I332E,B:I332E","A:D265F,B:D265F,A:N297E,B:N297E,A:I332E,B:I332E",AB_C,hu-FCgIIIb,Fc-IGG1,,,true,true,False,False,non_antibody_antigen;unsupported_mutation_count
1t83_0375,1T83,1t83_0375,2,other,2.32,experimental,"A:D265G,B:D265G",antibody-effector,"A:D265G,B:D265G","A:D265G,B:D265G",AB_C,hu-FCgIIIb,Fc-IGG1,,,true,true,False,False,non_antibody_antigen
1t83_0376,1T83,1t83_0376,2,other,2.32,experimental,"A:D265N,B:D265N",antibody-effector,"A:D265N,B:D265N","A:D265N,B:D265N",AB_C,hu-FCgIIIb,Fc-IGG1,,,true,true,False,False,non_antibody_antigen
1t83_0377,1T83,1t83_0377,6,other,2.32,experimental,"A:D265Y,B:D265Y,A:N297D,B:N297D,A:I332E,B:I332E",antibody-effector,"A:D265Y,B:D265Y,A:N297D,B:N297D,A:I332E,B:I332E","A:D265Y,B:D265Y,A:N297D,B:N297D,A:I332E,B:I332E",AB_C,hu-FCgIIIb,Fc-IGG1,,,true,true,False,False,non_antibody_antigen;unsupported_mutation_count
1t83_0378,1T83,1t83_0378,8,other,2.32,experimental,"A:D265Y,B:D265Y,A:N297D,B:N297D,A:T299L,B:T299L,A:I332E,B:I332E",antibody-effector,"A:D265Y,B:D265Y,A:N297D,B:N297D,A:T299L,B:T299L,A:I332E,B:I332E","A:D265Y,B:D265Y,A:N297D,B:N297D,A:T299L,B:T299L,A:I332E,B:I332E",AB_C,hu-FCgIIIb,Fc-IGG1,,,true,true,False,False,non_antibody_antigen;unsupported_mutation_count
1t83_0379,1T83,1t83_0379,2,other,2.32,experimental,"A:D270H,B:D270H",antibody-effector,"A:D270H,B:D270H","A:D270H,B:D270H",AB_C,hu-FCgIIIb,Fc-IGG1,,,true,true,False,False,non_antibody_antigen
1t83_0380,1T83,1t83_0380,2,other,2.32,experimental,"A:D270Q,B:D270Q",antibody-effector,"A:D270Q,B:D270Q","A:D270Q,B:D270Q",AB_C,hu-FCgIIIb,Fc-IGG1,,,true,true,False,False,non_antibody_antigen
1t83_0381,1T83,1t83_0381,2,other,2.32,experimental,"A:D270T,B:D270T",antibody-effector,"A:D270T,B:D270T","A:D270T,B:D270T",AB_C,hu-FCgIIIb,Fc-IGG1,,,true,true,False,False,non_antibody_antigen
1t83_0382,1T83,1t83_0382,2,other,1.09,experimental,"A:E269F,B:E269F",antibody-effector,"A:E269F,B:E269F","A:E269F,B:E269F",AB_C,hu-FCgIIIb,Fc-IGG1,,,true,true,False,False,non_antibody_antigen
1t83_0383,1T83,1t83_0383,2,other,2.32,experimental,"A:E269H,B:E269H",antibody-effector,"A:E269H,B:E269H","A:E269H,B:E269H",AB_C,hu-FCgIIIb,Fc-IGG1,,,true,true,False,False,non_antibody_antigen
1t83_0384,1T83,1t83_0384,2,other,2.32,experimental,"A:E269L,B:E269L",antibody-effector,"A:E269L,B:E269L","A:E269L,B:E269L",AB_C,hu-FCgIIIb,Fc-IGG1,,,true,true,False,False,non_antibody_antigen
1t83_0385,1T83,1t83_0385,2,other,2.32,experimental,"A:E269N,B:E269N",antibody-effector,"A:E269N,B:E269N","A:E269N,B:E269N",AB_C,hu-FCgIIIb,Fc-IGG1,,,true,true,False,False,non_antibody_antigen
1t83_0386,1T83,1t83_0386,2,other,1.78,experimental,"A:E269R,B:E269R",antibody-effector,"A:E269R,B:E269R","A:E269R,B:E269R",AB_C,hu-FCgIIIb,Fc-IGG1,,,true,true,False,False,non_antibody_antigen
1t83_0387,1T83,1t83_0387,2,other,2.32,experimental,"A:E269T,B:E269T",antibody-effector,"A:E269T,B:E269T","A:E269T,B:E269T",AB_C,hu-FCgIIIb,Fc-IGG1,,,true,true,False,False,non_antibody_antigen
1t83_0388,1T83,1t83_0388,2,other,1.26,experimental,"A:E269Y,B:E269Y",antibody-effector,"A:E269Y,B:E269Y","A:E269Y,B:E269Y",AB_C,hu-FCgIIIb,Fc-IGG1,,,true,true,False,False,non_antibody_antigen
1t83_0389,1T83,1t83_0389,2,other,-1.28,experimental,"A:E272Y,B:E272Y",antibody-effector,"A:E272Y,B:E272Y","A:E272Y,B:E272Y",AB_C,hu-FCgIIIb,Fc-IGG1,,,true,true,False,False,non_antibody_antigen
1t83_0390,1T83,1t83_0390,2,other,0.24,experimental,"A:E283R,B:E283R",antibody-effector,"A:E283R,B:E283R","A:E283R,B:E283R",AB_C,hu-FCgIIIb,Fc-IGG1,,,true,true,False,False,non_antibody_antigen
1t83_0391,1T83,1t83_0391,2,other,-0.04,experimental,"A:E318R,B:E318R",antibody-effector,"A:E318R,B:E318R","A:E318R,B:E318R",AB_C,hu-FCgIIIb,Fc-IGG1,,,true,true,False,False,non_antibody_antigen
1t83_0392,1T83,1t83_0392,2,other,0.17,experimental,"A:E333H,B:E333H",antibody-effector,"A:E333H,B:E333H","A:E333H,B:E333H",AB_C,hu-FCgIIIb,Fc-IGG1,,,true,true,False,False,non_antibody_antigen
1t83_0393,1T83,1t83_0393,2,other,0.15,experimental,"A:E333T,B:E333T",antibody-effector,"A:E333T,B:E333T","A:E333T,B:E333T",AB_C,hu-FCgIIIb,Fc-IGG1,,,true,true,False,False,non_antibody_antigen
1t83_0394,1T83,1t83_0394,8,other,1.58,experimental,"A:F241E,B:F241E,A:F243Q,B:F243Q,A:V262T,B:V262T,A:V264E,B:V264E",antibody-effector,"A:F241E,B:F241E,A:F243Q,B:F243Q,A:V262T,B:V262T,A:V264E,B:V264E","A:F241E,B:F241E,A:F243Q,B:F243Q,A:V262T,B:V262T,A:V264E,B:V264E",AB_C,hu-FCgIIIb,Fc-IGG1,,,true,true,False,False,non_antibody_antigen;unsupported_mutation_count
1t83_0395,1T83,1t83_0395,8,other,1.78,experimental,"A:F241E,B:F241E,A:F243R,B:F243R,A:V262E,B:V262E,A:V264R,B:V264R",antibody-effector,"A:F241E,B:F241E,A:F243R,B:F243R,A:V262E,B:V262E,A:V264R,B:V264R","A:F241E,B:F241E,A:F243R,B:F243R,A:V262E,B:V262E,A:V264R,B:V264R",AB_C,hu-FCgIIIb,Fc-IGG1,,,true,true,False,False,non_antibody_antigen;unsupported_mutation_count
1t83_0396,1T83,1t83_0396,10,other,0.98,experimental,"A:F241E,B:F241E,A:F243R,B:F243R,A:V262E,B:V262E,A:V264R,B:V264R,A:I332E,B:I332E",antibody-effector,"A:F241E,B:F241E,A:F243R,B:F243R,A:V262E,B:V262E,A:V264R,B:V264R,A:I332E,B:I332E","A:F241E,B:F241E,A:F243R,B:F243R,A:V262E,B:V262E,A:V264R,B:V264R,A:I332E,B:I332E",AB_C,hu-FCgIIIb,Fc-IGG1,,,true,true,False,False,non_antibody_antigen;unsupported_mutation_count
1t83_0397,1T83,1t83_0397,8,other,1.78,experimental,"A:F241E,B:F241E,A:F243Y,B:F243Y,A:V262T,B:V262T,A:V264R,B:V264R",antibody-effector,"A:F241E,B:F241E,A:F243Y,B:F243Y,A:V262T,B:V262T,A:V264R,B:V264R","A:F241E,B:F241E,A:F243Y,B:F243Y,A:V262T,B:V262T,A:V264R,B:V264R",AB_C,hu-FCgIIIb,Fc-IGG1,,,true,true,False,False,non_antibody_antigen;unsupported_mutation_count
1t83_0398,1T83,1t83_0398,10,other,1.36,experimental,"A:F241E,B:F241E,A:F243Y,B:F243Y,A:V262T,B:V262T,A:V264R,B:V264R,A:I332E,B:I332E",antibody-effector,"A:F241E,B:F241E,A:F243Y,B:F243Y,A:V262T,B:V262T,A:V264R,B:V264R,A:I332E,B:I332E","A:F241E,B:F241E,A:F243Y,B:F243Y,A:V262T,B:V262T,A:V264R,B:V264R,A:I332E,B:I332E",AB_C,hu-FCgIIIb,Fc-IGG1,,,true,true,False,False,non_antibody_antigen;unsupported_mutation_count
1t83_0399,1T83,1t83_0399,2,other,0.8,experimental,"A:F241L,B:F241L",antibody-effector,"A:F241L,B:F241L","A:F241L,B:F241L",AB_C,hu-FCgIIIb,Fc-IGG1,,,true,true,False,False,non_antibody_antigen
1t83_0400,1T83,1t83_0400,8,other,1.43,experimental,"A:F241L,B:F241L,A:F243L,B:F243L,A:V262I,B:V262I,A:V264I,B:V264I",antibody-effector,"A:F241L,B:F241L,A:F243L,B:F243L,A:V262I,B:V262I,A:V264I,B:V264I","A:F241L,B:F241L,A:F243L,B:F243L,A:V262I,B:V262I,A:V264I,B:V264I",AB_C,hu-FCgIIIb,Fc-IGG1,,,true,true,False,False,non_antibody_antigen;unsupported_mutation_count
1t83_0401,1T83,1t83_0401,8,other,2.32,experimental,"A:F241R,B:F241R,A:F243Q,B:F243Q,A:V262T,B:V262T,A:V264R,B:V264R",antibody-effector,"A:F241R,B:F241R,A:F243Q,B:F243Q,A:V262T,B:V262T,A:V264R,B:V264R","A:F241R,B:F241R,A:F243Q,B:F243Q,A:V262T,B:V262T,A:V264R,B:V264R",AB_C,hu-FCgIIIb,Fc-IGG1,,,true,true,False,False,non_antibody_antigen;unsupported_mutation_count
1t83_0402,1T83,1t83_0402,2,other,0.73,experimental,"A:F241W,B:F241W",antibody-effector,"A:F241W,B:F241W","A:F241W,B:F241W",AB_C,hu-FCgIIIb,Fc-IGG1,,,true,true,False,False,non_antibody_antigen
1t83_0403,1T83,1t83_0403,4,other,1.58,experimental,"A:F241W,B:F241W,A:F243W,B:F243W",antibody-effector,"A:F241W,B:F241W,A:F243W,B:F243W","A:F241W,B:F241W,A:F243W,B:F243W",AB_C,hu-FCgIIIb,Fc-IGG1,,,true,true,False,False,non_antibody_antigen;unsupported_mutation_count
1t83_0404,1T83,1t83_0404,8,other,1.91,experimental,"A:F241W,B:F241W,A:F243W,B:F243W,A:V262A,B:V262A,A:V264A,B:V264A",antibody-effector,"A:F241W,B:F241W,A:F243W,B:F243W,A:V262A,B:V262A,A:V264A,B:V264A","A:F241W,B:F241W,A:F243W,B:F243W,A:V262A,B:V262A,A:V264A,B:V264A",AB_C,hu-FCgIIIb,Fc-IGG1,,,true,true,False,False,non_antibody_antigen;unsupported_mutation_count
1t83_0405,1T83,1t83_0405,8,other,1.78,experimental,"A:F241Y,B:F241Y,A:F243Y,B:F243Y,A:V262T,B:V262T,A:V264T,B:V264T",antibody-effector,"A:F241Y,B:F241Y,A:F243Y,B:F243Y,A:V262T,B:V262T,A:V264T,B:V264T","A:F241Y,B:F241Y,A:F243Y,B:F243Y,A:V262T,B:V262T,A:V264T,B:V264T",AB_C,hu-FCgIIIb,Fc-IGG1,,,true,true,False,False,non_antibody_antigen;unsupported_mutation_count
1t83_0406,1T83,1t83_0406,12,other,1.12,experimental,"A:F241Y,B:F241Y,A:F243Y,B:F243Y,A:V262T,B:V262T,A:V264T,B:V264T,A:N297D,B:N297D,A:I332E,B:I332E",antibody-effector,"A:F241Y,B:F241Y,A:F243Y,B:F243Y,A:V262T,B:V262T,A:V264T,B:V264T,A:N297D,B:N297D,A:I332E,B:I332E","A:F241Y,B:F241Y,A:F243Y,B:F243Y,A:V262T,B:V262T,A:V264T,B:V264T,A:N297D,B:N297D,A:I332E,B:I332E",AB_C,hu-FCgIIIb,Fc-IGG1,,,true,true,False,False,non_antibody_antigen;unsupported_mutation_count
1t83_0407,1T83,1t83_0407,2,other,0.4,experimental,"A:F243L,B:F243L",antibody-effector,"A:F243L,B:F243L","A:F243L,B:F243L",AB_C,hu-FCgIIIb,Fc-IGG1,,,true,true,False,False,non_antibody_antigen
1t83_0408,1T83,1t83_0408,6,other,2.32,experimental,"A:F243L,B:F243L,A:V262I,B:V262I,A:V264W,B:V264W",antibody-effector,"A:F243L,B:F243L,A:V262I,B:V262I,A:V264W,B:V264W","A:F243L,B:F243L,A:V262I,B:V262I,A:V264W,B:V264W",AB_C,hu-FCgIIIb,Fc-IGG1,,,true,true,False,False,non_antibody_antigen;unsupported_mutation_count
1t83_0409,1T83,1t83_0409,4,other,-0.12,experimental,"A:F243L,B:F243L,A:V264I,B:V264I",antibody-effector,"A:F243L,B:F243L,A:V264I,B:V264I","A:F243L,B:F243L,A:V264I,B:V264I",AB_C,hu-FCgIIIb,Fc-IGG1,,,true,true,False,False,non_antibody_antigen;unsupported_mutation_count
1t83_0410,1T83,1t83_0410,2,other,0.4,experimental,"A:F243W,B:F243W",antibody-effector,"A:F243W,B:F243W","A:F243W,B:F243W",AB_C,hu-FCgIIIb,Fc-IGG1,,,true,true,False,False,non_antibody_antigen
1t83_0411,1T83,1t83_0411,2,other,-0.06,experimental,"A:F275W,B:F275W",antibody-effector,"A:F275W,B:F275W","A:F275W,B:F275W",AB_C,hu-FCgIIIb,Fc-IGG1,,,true,true,False,False,non_antibody_antigen
1t83_0412,1T83,1t83_0412,2,other,0.07,experimental,"A:I332A,B:I332A",antibody-effector,"A:I332A,B:I332A","A:I332A,B:I332A",AB_C,hu-FCgIIIb,Fc-IGG1,,,true,true,False,False,non_antibody_antigen
1t83_0413,1T83,1t83_0413,2,other,-1.71,experimental,"A:I332D,B:I332D",antibody-effector,"A:I332D,B:I332D","A:I332D,B:I332D",AB_C,hu-FCgIIIb,Fc-IGG1,,,true,true,False,False,non_antibody_antigen
1t83_0414,1T83,1t83_0414,2,other,-1.13,experimental,"A:I332E,B:I332E",antibody-effector,"A:I332E,B:I332E","A:I332E,B:I332E",AB_C,hu-FCgIIIb,Fc-IGG1,,,true,true,False,False,non_antibody_antigen
1t83_0415,1T83,1t83_0415,2,other,0.46,experimental,"A:I332H,B:I332H",antibody-effector,"A:I332H,B:I332H","A:I332H,B:I332H",AB_C,hu-FCgIIIb,Fc-IGG1,,,true,true,False,False,non_antibody_antigen
1t83_0416,1T83,1t83_0416,2,other,0.56,experimental,"A:I332N,B:I332N",antibody-effector,"A:I332N,B:I332N","A:I332N,B:I332N",AB_C,hu-FCgIIIb,Fc-IGG1,,,true,true,False,False,non_antibody_antigen
1t83_0417,1T83,1t83_0417,2,other,0.59,experimental,"A:I332Q,B:I332Q",antibody-effector,"A:I332Q,B:I332Q","A:I332Q,B:I332Q",AB_C,hu-FCgIIIb,Fc-IGG1,,,true,true,False,False,non_antibody_antigen
1t83_0418,1T83,1t83_0418,2,other,0.2,experimental,"A:I332T,B:I332T",antibody-effector,"A:I332T,B:I332T","A:I332T,B:I332T",AB_C,hu-FCgIIIb,Fc-IGG1,,,true,true,False,False,non_antibody_antigen
1t83_0419,1T83,1t83_0419,2,other,0.16,experimental,"A:I332Y,B:I332Y",antibody-effector,"A:I332Y,B:I332Y","A:I332Y,B:I332Y",AB_C,hu-FCgIIIb,Fc-IGG1,,,true,true,False,False,non_antibody_antigen
1t83_0420,1T83,1t83_0420,2,other,-1.07,experimental,"A:K274E,B:K274E",antibody-effector,"A:K274E,B:K274E","A:K274E,B:K274E",AB_C,hu-FCgIIIb,Fc-IGG1,,,true,true,False,False,non_antibody_antigen
1t83_0421,1T83,1t83_0421,2,other,-0.05,experimental,"A:K274L,B:K274L",antibody-effector,"A:K274L,B:K274L","A:K274L,B:K274L",AB_C,hu-FCgIIIb,Fc-IGG1,,,true,true,False,False,non_antibody_antigen
1t83_0422,1T83,1t83_0422,2,other,-0.2,experimental,"A:K274R,B:K274R",antibody-effector,"A:K274R,B:K274R","A:K274R,B:K274R",AB_C,hu-FCgIIIb,Fc-IGG1,,,true,true,False,False,non_antibody_antigen
1t83_0423,1T83,1t83_0423,2,other,-0.2,experimental,"A:K274T,B:K274T",antibody-effector,"A:K274T,B:K274T","A:K274T,B:K274T",AB_C,hu-FCgIIIb,Fc-IGG1,,,true,true,False,False,non_antibody_antigen
1t83_0424,1T83,1t83_0424,2,other,-0.04,experimental,"A:K274Y,B:K274Y",antibody-effector,"A:K274Y,B:K274Y","A:K274Y,B:K274Y",AB_C,hu-FCgIIIb,Fc-IGG1,,,true,true,False,False,non_antibody_antigen
1t83_0425,1T83,1t83_0425,2,other,-0.8,experimental,"A:K326E,B:K326E",antibody-effector,"A:K326E,B:K326E","A:K326E,B:K326E",AB_C,hu-FCgIIIb,Fc-IGG1,,,true,true,False,False,non_antibody_antigen
1t83_0426,1T83,1t83_0426,2,other,-0.21,experimental,"A:K326I,B:K326I",antibody-effector,"A:K326I,B:K326I","A:K326I,B:K326I",AB_C,hu-FCgIIIb,Fc-IGG1,,,true,true,False,False,non_antibody_antigen
1t83_0427,1T83,1t83_0427,2,other,-0.37,experimental,"A:K326T,B:K326T",antibody-effector,"A:K326T,B:K326T","A:K326T,B:K326T",AB_C,hu-FCgIIIb,Fc-IGG1,,,true,true,False,False,non_antibody_antigen
1t83_0428,1T83,1t83_0428,2,other,-0.3,experimental,"A:L235D,B:L235D",antibody-effector,"A:L235D,B:L235D","A:L235D,B:L235D",AB_C,hu-FCgIIIb,Fc-IGG1,,,true,true,False,False,non_antibody_antigen
1t83_0429,1T83,1t83_0429,2,other,0.19,experimental,"A:L235F,B:L235F",antibody-effector,"A:L235F,B:L235F","A:L235F,B:L235F",AB_C,hu-FCgIIIb,Fc-IGG1,,,true,true,False,False,non_antibody_antigen
1t83_0430,1T83,1t83_0430,2,other,0.53,experimental,"A:L235H,B:L235H",antibody-effector,"A:L235H,B:L235H","A:L235H,B:L235H",AB_C,hu-FCgIIIb,Fc-IGG1,,,true,true,False,False,non_antibody_antigen
1t83_0431,1T83,1t83_0431,2,other,-0.06,experimental,"A:L235I,B:L235I",antibody-effector,"A:L235I,B:L235I","A:L235I,B:L235I",AB_C,hu-FCgIIIb,Fc-IGG1,,,true,true,False,False,non_antibody_antigen
1t83_0432,1T83,1t83_0432,2,other,0.54,experimental,"A:L235N,B:L235N",antibody-effector,"A:L235N,B:L235N","A:L235N,B:L235N",AB_C,hu-FCgIIIb,Fc-IGG1,,,true,true,False,False,non_antibody_antigen
1t83_0433,1T83,1t83_0433,2,other,0.4,experimental,"A:L235Q,B:L235Q",antibody-effector,"A:L235Q,B:L235Q","A:L235Q,B:L235Q",AB_C,hu-FCgIIIb,Fc-IGG1,,,true,true,False,False,non_antibody_antigen
1t83_0434,1T83,1t83_0434,2,other,-0.13,experimental,"A:L235S,B:L235S",antibody-effector,"A:L235S,B:L235S","A:L235S,B:L235S",AB_C,hu-FCgIIIb,Fc-IGG1,,,true,true,False,False,non_antibody_antigen
1t83_0435,1T83,1t83_0435,2,other,0.39,experimental,"A:L235T,B:L235T",antibody-effector,"A:L235T,B:L235T","A:L235T,B:L235T",AB_C,hu-FCgIIIb,Fc-IGG1,,,true,true,False,False,non_antibody_antigen
1t83_0436,1T83,1t83_0436,2,other,0.43,experimental,"A:L235V,B:L235V",antibody-effector,"A:L235V,B:L235V","A:L235V,B:L235V",AB_C,hu-FCgIIIb,Fc-IGG1,,,true,true,False,False,non_antibody_antigen
1t83_0437,1T83,1t83_0437,2,other,-0.1,experimental,"A:L235Y,B:L235Y",antibody-effector,"A:L235Y,B:L235Y","A:L235Y,B:L235Y",AB_C,hu-FCgIIIb,Fc-IGG1,,,true,true,False,False,non_antibody_antigen
1t83_0438,1T83,1t83_0438,2,other,0.95,experimental,"A:L328A,B:L328A",antibody-effector,"A:L328A,B:L328A","A:L328A,B:L328A",AB_C,hu-FCgIIIb,Fc-IGG1,,,true,true,False,False,non_antibody_antigen
1t83_0439,1T83,1t83_0439,4,other,-0.17,experimental,"A:L328D,B:L328D,A:I332E,B:I332E",antibody-effector,"A:L328D,B:L328D,A:I332E,B:I332E","A:L328D,B:L328D,A:I332E,B:I332E",AB_C,hu-FCgIIIb,Fc-IGG1,,,true,true,False,False,non_antibody_antigen;unsupported_mutation_count
1t83_0440,1T83,1t83_0440,2,other,1.26,experimental,"A:L328E,B:L328E",antibody-effector,"A:L328E,B:L328E","A:L328E,B:L328E",AB_C,hu-FCgIIIb,Fc-IGG1,,,true,true,False,False,non_antibody_antigen
1t83_0441,1T83,1t83_0441,4,other,0.95,experimental,"A:L328E,B:L328E,A:I332E,B:I332E",antibody-effector,"A:L328E,B:L328E,A:I332E,B:I332E","A:L328E,B:L328E,A:I332E,B:I332E",AB_C,hu-FCgIIIb,Fc-IGG1,,,true,true,False,False,non_antibody_antigen;unsupported_mutation_count
1t83_0442,1T83,1t83_0442,2,other,0.85,experimental,"A:L328F,B:L328F",antibody-effector,"A:L328F,B:L328F","A:L328F,B:L328F",AB_C,hu-FCgIIIb,Fc-IGG1,,,true,true,False,False,non_antibody_antigen
1t83_0443,1T83,1t83_0443,2,other,2.32,experimental,"A:L328H,B:L328H",antibody-effector,"A:L328H,B:L328H","A:L328H,B:L328H",AB_C,hu-FCgIIIb,Fc-IGG1,,,true,true,False,False,non_antibody_antigen
1t83_0444,1T83,1t83_0444,4,other,2.32,experimental,"A:L328H,B:L328H,A:I332E,B:I332E",antibody-effector,"A:L328H,B:L328H,A:I332E,B:I332E","A:L328H,B:L328H,A:I332E,B:I332E",AB_C,hu-FCgIIIb,Fc-IGG1,,,true,true,False,False,non_antibody_antigen;unsupported_mutation_count
1t83_0445,1T83,1t83_0445,4,other,-0.74,experimental,"A:L328I,B:L328I,A:I332E,B:I332E",antibody-effector,"A:L328I,B:L328I,A:I332E,B:I332E","A:L328I,B:L328I,A:I332E,B:I332E",AB_C,hu-FCgIIIb,Fc-IGG1,,,true,true,False,False,non_antibody_antigen;unsupported_mutation_count
1t83_0446,1T83,1t83_0446,4,other,-1.16,experimental,"A:L328I,B:L328I,A:I332E,B:I332E",antibody-effector,"A:L328I,B:L328I,A:I332E,B:I332E","A:L328I,B:L328I,A:I332E,B:I332E",AB_C,hu-FCgIIIb,Fc-IGG1,,,true,true,False,False,non_antibody_antigen;unsupported_mutation_count
1t83_0447,1T83,1t83_0447,2,other,0.93,experimental,"A:L328M,B:L328M",antibody-effector,"A:L328M,B:L328M","A:L328M,B:L328M",AB_C,hu-FCgIIIb,Fc-IGG1,,,true,true,False,False,non_antibody_antigen
1t83_0448,1T83,1t83_0448,4,other,-0.57,experimental,"A:L328M,B:L328M,A:I332E,B:I332E",antibody-effector,"A:L328M,B:L328M,A:I332E,B:I332E","A:L328M,B:L328M,A:I332E,B:I332E",AB_C,hu-FCgIIIb,Fc-IGG1,,,true,true,False,False,non_antibody_antigen;unsupported_mutation_count
1t83_0449,1T83,1t83_0449,2,other,0.31,experimental,"A:L328N,B:L328N",antibody-effector,"A:L328N,B:L328N","A:L328N,B:L328N",AB_C,hu-FCgIIIb,Fc-IGG1,,,true,true,False,False,non_antibody_antigen
1t83_0450,1T83,1t83_0450,4,other,2.32,experimental,"A:L328N,B:L328N,A:I332E,B:I332E",antibody-effector,"A:L328N,B:L328N,A:I332E,B:I332E","A:L328N,B:L328N,A:I332E,B:I332E",AB_C,hu-FCgIIIb,Fc-IGG1,,,true,true,False,False,non_antibody_antigen;unsupported_mutation_count
1t83_0451,1T83,1t83_0451,4,other,-0.26,experimental,"A:L328Q,B:L328Q,A:I332E,B:I332E",antibody-effector,"A:L328Q,B:L328Q,A:I332E,B:I332E","A:L328Q,B:L328Q,A:I332E,B:I332E",AB_C,hu-FCgIIIb,Fc-IGG1,,,true,true,False,False,non_antibody_antigen;unsupported_mutation_count
1t83_0452,1T83,1t83_0452,4,other,0.21,experimental,"A:L328Q,B:L328Q,A:I332E,B:I332E",antibody-effector,"A:L328Q,B:L328Q,A:I332E,B:I332E","A:L328Q,B:L328Q,A:I332E,B:I332E",AB_C,hu-FCgIIIb,Fc-IGG1,,,true,true,False,False,non_antibody_antigen;unsupported_mutation_count
1t83_0453,1T83,1t83_0453,4,other,-0.06,experimental,"A:L328T,B:L328T,A:I332E,B:I332E",antibody-effector,"A:L328T,B:L328T,A:I332E,B:I332E","A:L328T,B:L328T,A:I332E,B:I332E",AB_C,hu-FCgIIIb,Fc-IGG1,,,true,true,False,False,non_antibody_antigen;unsupported_mutation_count
1t83_0454,1T83,1t83_0454,4,other,-0.43,experimental,"A:L328V,B:L328V,A:I332E,B:I332E",antibody-effector,"A:L328V,B:L328V,A:I332E,B:I332E","A:L328V,B:L328V,A:I332E,B:I332E",AB_C,hu-FCgIIIb,Fc-IGG1,,,true,true,False,False,non_antibody_antigen;unsupported_mutation_count
1t83_0455,1T83,1t83_0455,2,other,0.08,experimental,"A:N276E,B:N276E",antibody-effector,"A:N276E,B:N276E","A:N276E,B:N276E",AB_C,hu-FCgIIIb,Fc-IGG1,,,true,true,False,False,non_antibody_antigen
1t83_0456,1T83,1t83_0456,2,other,-0.04,experimental,"A:N276L,B:N276L",antibody-effector,"A:N276L,B:N276L","A:N276L,B:N276L",AB_C,hu-FCgIIIb,Fc-IGG1,,,true,true,False,False,non_antibody_antigen
1t83_0457,1T83,1t83_0457,2,other,0.25,experimental,"A:N276R,B:N276R",antibody-effector,"A:N276R,B:N276R","A:N276R,B:N276R",AB_C,hu-FCgIIIb,Fc-IGG1,,,true,true,False,False,non_antibody_antigen
1t83_0458,1T83,1t83_0458,2,other,0.53,experimental,"A:N276S,B:N276S",antibody-effector,"A:N276S,B:N276S","A:N276S,B:N276S",AB_C,hu-FCgIIIb,Fc-IGG1,,,true,true,False,False,non_antibody_antigen
1t83_0459,1T83,1t83_0459,2,other,0.34,experimental,"A:N276Y,B:N276Y",antibody-effector,"A:N276Y,B:N276Y","A:N276Y,B:N276Y",AB_C,hu-FCgIIIb,Fc-IGG1,,,true,true,False,False,non_antibody_antigen
1t83_0460,1T83,1t83_0460,2,other,2.32,experimental,"A:N297D,B:N297D",antibody-effector,"A:N297D,B:N297D","A:N297D,B:N297D",AB_C,hu-FCgIIIb,Fc-IGG1,,,true,true,False,False,non_antibody_antigen
1t83_0461,1T83,1t83_0461,6,other,0.5,experimental,"A:N297D,B:N297D,A:A330Y,B:A330Y,A:I332E,B:I332E",antibody-effector,"A:N297D,B:N297D,A:A330Y,B:A330Y,A:I332E,B:I332E","A:N297D,B:N297D,A:A330Y,B:A330Y,A:I332E,B:I332E",AB_C,hu-FCgIIIb,Fc-IGG1,,,true,true,False,False,non_antibody_antigen;unsupported_mutation_count
1t83_0462,1T83,1t83_0462,4,other,1.5,experimental,"A:N297D,B:N297D,A:I332E,B:I332E",antibody-effector,"A:N297D,B:N297D,A:I332E,B:I332E","A:N297D,B:N297D,A:I332E,B:I332E",AB_C,hu-FCgIIIb,Fc-IGG1,,,true,true,False,False,non_antibody_antigen;unsupported_mutation_count
1t83_0463,1T83,1t83_0463,8,other,1.09,experimental,"A:N297D,B:N297D,A:S298A,B:S298A,A:A330Y,B:A330Y,A:I332E,B:I332E",antibody-effector,"A:N297D,B:N297D,A:S298A,B:S298A,A:A330Y,B:A330Y,A:I332E,B:I332E","A:N297D,B:N297D,A:S298A,B:S298A,A:A330Y,B:A330Y,A:I332E,B:I332E",AB_C,hu-FCgIIIb,Fc-IGG1,,,true,true,False,False,non_antibody_antigen;unsupported_mutation_count
1t83_0464,1T83,1t83_0464,6,other,2.32,experimental,"A:N297D,B:N297D,A:T299E,B:T299E,A:I332E,B:I332E",antibody-effector,"A:N297D,B:N297D,A:T299E,B:T299E,A:I332E,B:I332E","A:N297D,B:N297D,A:T299E,B:T299E,A:I332E,B:I332E",AB_C,hu-FCgIIIb,Fc-IGG1,,,true,true,False,False,non_antibody_antigen;unsupported_mutation_count
1t83_0465,1T83,1t83_0465,6,other,2.32,experimental,"A:N297D,B:N297D,A:T299F,B:T299F,A:I332E,B:I332E",antibody-effector,"A:N297D,B:N297D,A:T299F,B:T299F,A:I332E,B:I332E","A:N297D,B:N297D,A:T299F,B:T299F,A:I332E,B:I332E",AB_C,hu-FCgIIIb,Fc-IGG1,,,true,true,False,False,non_antibody_antigen;unsupported_mutation_count
1t83_0466,1T83,1t83_0466,6,other,2.32,experimental,"A:N297D,B:N297D,A:T299H,B:T299H,A:I332E,B:I332E",antibody-effector,"A:N297D,B:N297D,A:T299H,B:T299H,A:I332E,B:I332E","A:N297D,B:N297D,A:T299H,B:T299H,A:I332E,B:I332E",AB_C,hu-FCgIIIb,Fc-IGG1,,,true,true,False,False,non_antibody_antigen;unsupported_mutation_count
1t83_0467,1T83,1t83_0467,6,other,2.32,experimental,"A:N297D,B:N297D,A:T299I,B:T299I,A:I332E,B:I332E",antibody-effector,"A:N297D,B:N297D,A:T299I,B:T299I,A:I332E,B:I332E","A:N297D,B:N297D,A:T299I,B:T299I,A:I332E,B:I332E",AB_C,hu-FCgIIIb,Fc-IGG1,,,true,true,False,False,non_antibody_antigen;unsupported_mutation_count
1t83_0468,1T83,1t83_0468,6,other,2.32,experimental,"A:N297D,B:N297D,A:T299L,B:T299L,A:I332E,B:I332E",antibody-effector,"A:N297D,B:N297D,A:T299L,B:T299L,A:I332E,B:I332E","A:N297D,B:N297D,A:T299L,B:T299L,A:I332E,B:I332E",AB_C,hu-FCgIIIb,Fc-IGG1,,,true,true,False,False,non_antibody_antigen;unsupported_mutation_count
1t83_0469,1T83,1t83_0469,6,other,2.32,experimental,"A:N297D,B:N297D,A:T299V,B:T299V,A:I332E,B:I332E",antibody-effector,"A:N297D,B:N297D,A:T299V,B:T299V,A:I332E,B:I332E","A:N297D,B:N297D,A:T299V,B:T299V,A:I332E,B:I332E",AB_C,hu-FCgIIIb,Fc-IGG1,,,true,true,False,False,non_antibody_antigen;unsupported_mutation_count
1t83_0470,1T83,1t83_0470,4,other,2.32,experimental,"A:N297E,B:N297E,A:I332E,B:I332E",antibody-effector,"A:N297E,B:N297E,A:I332E,B:I332E","A:N297E,B:N297E,A:I332E,B:I332E",AB_C,hu-FCgIIIb,Fc-IGG1,,,true,true,False,False,non_antibody_antigen;unsupported_mutation_count
1t83_0471,1T83,1t83_0471,2,other,2.32,experimental,"A:N297S,B:N297S",antibody-effector,"A:N297S,B:N297S","A:N297S,B:N297S",AB_C,hu-FCgIIIb,Fc-IGG1,,,true,true,False,False,non_antibody_antigen
1t83_0472,1T83,1t83_0472,4,other,2.32,experimental,"A:N297S,B:N297S,A:I332E,B:I332E",antibody-effector,"A:N297S,B:N297S,A:I332E,B:I332E","A:N297S,B:N297S,A:I332E,B:I332E",AB_C,hu-FCgIIIb,Fc-IGG1,,,true,true,False,False,non_antibody_antigen;unsupported_mutation_count
1t83_0473,1T83,1t83_0473,2,other,1.31,experimental,"A:N325A,B:N325A",antibody-effector,"A:N325A,B:N325A","A:N325A,B:N325A",AB_C,hu-FCgIIIb,Fc-IGG1,,,true,true,False,False,non_antibody_antigen
1t83_0474,1T83,1t83_0474,2,other,0.53,experimental,"A:N325D,B:N325D",antibody-effector,"A:N325D,B:N325D","A:N325D,B:N325D",AB_C,hu-FCgIIIb,Fc-IGG1,,,true,true,False,False,non_antibody_antigen
1t83_0475,1T83,1t83_0475,2,other,2.32,experimental,"A:N325E,B:N325E",antibody-effector,"A:N325E,B:N325E","A:N325E,B:N325E",AB_C,hu-FCgIIIb,Fc-IGG1,,,true,true,False,False,non_antibody_antigen
1t83_0476,1T83,1t83_0476,2,other,0.19,experimental,"A:N325H,B:N325H",antibody-effector,"A:N325H,B:N325H","A:N325H,B:N325H",AB_C,hu-FCgIIIb,Fc-IGG1,,,true,true,False,False,non_antibody_antigen
1t83_0477,1T83,1t83_0477,2,other,2.32,experimental,"A:N325I,B:N325I",antibody-effector,"A:N325I,B:N325I","A:N325I,B:N325I",AB_C,hu-FCgIIIb,Fc-IGG1,,,true,true,False,False,non_antibody_antigen
1t83_0478,1T83,1t83_0478,2,other,2.32,experimental,"A:N325L,B:N325L",antibody-effector,"A:N325L,B:N325L","A:N325L,B:N325L",AB_C,hu-FCgIIIb,Fc-IGG1,,,true,true,False,False,non_antibody_antigen
1t83_0479,1T83,1t83_0479,2,other,2.32,experimental,"A:N325Q,B:N325Q",antibody-effector,"A:N325Q,B:N325Q","A:N325Q,B:N325Q",AB_C,hu-FCgIIIb,Fc-IGG1,,,true,true,False,False,non_antibody_antigen
1t83_0480,1T83,1t83_0480,2,other,-0.06,experimental,"A:N325T,B:N325T",antibody-effector,"A:N325T,B:N325T","A:N325T,B:N325T",AB_C,hu-FCgIIIb,Fc-IGG1,,,true,true,False,False,non_antibody_antigen
1t83_0481,1T83,1t83_0481,2,other,0.43,experimental,"A:N325V,B:N325V",antibody-effector,"A:N325V,B:N325V","A:N325V,B:N325V",AB_C,hu-FCgIIIb,Fc-IGG1,,,true,true,False,False,non_antibody_antigen
1t83_0482,1T83,1t83_0482,2,other,0.11,experimental,"A:P244H,B:P244H",antibody-effector,"A:P244H,B:P244H","A:P244H,B:P244H",AB_C,hu-FCgIIIb,Fc-IGG1,,,true,true,False,False,non_antibody_antigen
1t83_0483,1T83,1t83_0483,6,other,0.04,experimental,"A:P244H,B:P244H,A:P245A,B:P245A,A:P247V,B:P247V",antibody-effector,"A:P244H,B:P244H,A:P245A,B:P245A,A:P247V,B:P247V","A:P244H,B:P244H,A:P245A,B:P245A,A:P247V,B:P247V",AB_C,hu-FCgIIIb,Fc-IGG1,,,true,true,False,False,non_antibody_antigen;unsupported_mutation_count
1t83_0484,1T83,1t83_0484,2,other,0.82,experimental,"A:P245A,B:P245A",antibody-effector,"A:P245A,B:P245A","A:P245A,B:P245A",AB_C,hu-FCgIIIb,Fc-IGG1,,,true,true,False,False,non_antibody_antigen
1t83_0485,1T83,1t83_0485,2,other,0.36,experimental,"A:P247G,B:P247G",antibody-effector,"A:P247G,B:P247G","A:P247G,B:P247G",AB_C,hu-FCgIIIb,Fc-IGG1,,,true,true,False,False,non_antibody_antigen
1t83_0486,1T83,1t83_0486,2,other,0.38,experimental,"A:P247V,B:P247V",antibody-effector,"A:P247V,B:P247V","A:P247V,B:P247V",AB_C,hu-FCgIIIb,Fc-IGG1,,,true,true,False,False,non_antibody_antigen
1t83_0487,1T83,1t83_0487,2,other,2.32,experimental,"A:P329F,B:P329F",antibody-effector,"A:P329F,B:P329F","A:P329F,B:P329F",AB_C,hu-FCgIIIb,Fc-IGG1,,,true,true,False,False,non_antibody_antigen
1t83_0488,1T83,1t83_0488,2,other,-1.46,experimental,"A:S239D,B:S239D",antibody-effector,"A:S239D,B:S239D","A:S239D,B:S239D",AB_C,hu-FCgIIIb,Fc-IGG1,,,true,true,False,False,non_antibody_antigen
1t83_0489,1T83,1t83_0489,6,other,-2.92,experimental,"A:S239D,B:S239D,A:A330L,B:A330L,A:I332E,B:I332E",antibody-effector,"A:S239D,B:S239D,A:A330L,B:A330L,A:I332E,B:I332E","A:S239D,B:S239D,A:A330L,B:A330L,A:I332E,B:I332E",AB_C,hu-FCgIIIb,Fc-IGG1,,,true,true,False,False,non_antibody_antigen;unsupported_mutation_count
1t83_0490,1T83,1t83_0490,6,other,-2.88,experimental,"A:S239D,B:S239D,A:A330Y,B:A330Y,A:I332E,B:I332E",antibody-effector,"A:S239D,B:S239D,A:A330Y,B:A330Y,A:I332E,B:I332E","A:S239D,B:S239D,A:A330Y,B:A330Y,A:I332E,B:I332E",AB_C,hu-FCgIIIb,Fc-IGG1,,,true,true,False,False,non_antibody_antigen;unsupported_mutation_count
1t83_0491,1T83,1t83_0491,8,other,-2.47,experimental,"A:S239D,B:S239D,A:A330Y,B:A330Y,A:I332E,B:I332E,A:K326E,B:K326E",antibody-effector,"A:S239D,B:S239D,A:A330Y,B:A330Y,A:I332E,B:I332E,A:K326E,B:K326E","A:S239D,B:S239D,A:A330Y,B:A330Y,A:I332E,B:I332E,A:K326E,B:K326E",AB_C,hu-FCgIIIb,Fc-IGG1,,,true,true,False,False,non_antibody_antigen;unsupported_mutation_count
1t83_0492,1T83,1t83_0492,8,other,-2.42,experimental,"A:S239D,B:S239D,A:A330Y,B:A330Y,A:I332E,B:I332E,A:K326T,B:K326T",antibody-effector,"A:S239D,B:S239D,A:A330Y,B:A330Y,A:I332E,B:I332E,A:K326T,B:K326T","A:S239D,B:S239D,A:A330Y,B:A330Y,A:I332E,B:I332E,A:K326T,B:K326T",AB_C,hu-FCgIIIb,Fc-IGG1,,,true,true,False,False,non_antibody_antigen;unsupported_mutation_count
1t83_0493,1T83,1t83_0493,8,other,-1.16,experimental,"A:S239D,B:S239D,A:A330Y,B:A330Y,A:I332E,B:I332E,A:L235D,B:L235D",antibody-effector,"A:S239D,B:S239D,A:A330Y,B:A330Y,A:I332E,B:I332E,A:L235D,B:L235D","A:S239D,B:S239D,A:A330Y,B:A330Y,A:I332E,B:I332E,A:L235D,B:L235D",AB_C,hu-FCgIIIb,Fc-IGG1,,,true,true,False,False,non_antibody_antigen;unsupported_mutation_count
1t83_0494,1T83,1t83_0494,8,other,-1.98,experimental,"A:S239D,B:S239D,A:A330Y,B:A330Y,A:I332E,B:I332E,A:V240I,B:V240I",antibody-effector,"A:S239D,B:S239D,A:A330Y,B:A330Y,A:I332E,B:I332E,A:V240I,B:V240I","A:S239D,B:S239D,A:A330Y,B:A330Y,A:I332E,B:I332E,A:V240I,B:V240I",AB_C,hu-FCgIIIb,Fc-IGG1,,,true,true,False,False,non_antibody_antigen;unsupported_mutation_count
1t83_0495,1T83,1t83_0495,8,other,-1.71,experimental,"A:S239D,B:S239D,A:A330Y,B:A330Y,A:I332E,B:I332E,A:V264T,B:V264T",antibody-effector,"A:S239D,B:S239D,A:A330Y,B:A330Y,A:I332E,B:I332E,A:V264T,B:V264T","A:S239D,B:S239D,A:A330Y,B:A330Y,A:I332E,B:I332E,A:V264T,B:V264T",AB_C,hu-FCgIIIb,Fc-IGG1,,,true,true,False,False,non_antibody_antigen;unsupported_mutation_count
1t83_0496,1T83,1t83_0496,8,other,2.32,experimental,"A:S239D,B:S239D,A:D265F,B:D265F,A:N297D,B:N297D,A:I332E,B:I332E",antibody-effector,"A:S239D,B:S239D,A:D265F,B:D265F,A:N297D,B:N297D,A:I332E,B:I332E","A:S239D,B:S239D,A:D265F,B:D265F,A:N297D,B:N297D,A:I332E,B:I332E",AB_C,hu-FCgIIIb,Fc-IGG1,,,true,true,False,False,non_antibody_antigen;unsupported_mutation_count
1t83_0497,1T83,1t83_0497,8,other,1.91,experimental,"A:S239D,B:S239D,A:D265H,B:D265H,A:N297D,B:N297D,A:I332E,B:I332E",antibody-effector,"A:S239D,B:S239D,A:D265H,B:D265H,A:N297D,B:N297D,A:I332E,B:I332E","A:S239D,B:S239D,A:D265H,B:D265H,A:N297D,B:N297D,A:I332E,B:I332E",AB_C,hu-FCgIIIb,Fc-IGG1,,,true,true,False,False,non_antibody_antigen;unsupported_mutation_count
1t83_0498,1T83,1t83_0498,8,other,2.73,experimental,"A:S239D,B:S239D,A:D265I,B:D265I,A:N297D,B:N297D,A:I332E,B:I332E",antibody-effector,"A:S239D,B:S239D,A:D265I,B:D265I,A:N297D,B:N297D,A:I332E,B:I332E","A:S239D,B:S239D,A:D265I,B:D265I,A:N297D,B:N297D,A:I332E,B:I332E",AB_C,hu-FCgIIIb,Fc-IGG1,,,true,true,False,False,non_antibody_antigen;unsupported_mutation_count
1t83_0499,1T83,1t83_0499,8,other,2.32,experimental,"A:S239D,B:S239D,A:D265L,B:D265L,A:N297D,B:N297D,A:I332E,B:I332E",antibody-effector,"A:S239D,B:S239D,A:D265L,B:D265L,A:N297D,B:N297D,A:I332E,B:I332E","A:S239D,B:S239D,A:D265L,B:D265L,A:N297D,B:N297D,A:I332E,B:I332E",AB_C,hu-FCgIIIb,Fc-IGG1,,,true,true,False,False,non_antibody_antigen;unsupported_mutation_count
1t83_0500,1T83,1t83_0500,8,other,2.32,experimental,"A:S239D,B:S239D,A:D265T,B:D265T,A:N297D,B:N297D,A:I332E,B:I332E",antibody-effector,"A:S239D,B:S239D,A:D265T,B:D265T,A:N297D,B:N297D,A:I332E,B:I332E","A:S239D,B:S239D,A:D265T,B:D265T,A:N297D,B:N297D,A:I332E,B:I332E",AB_C,hu-FCgIIIb,Fc-IGG1,,,true,true,False,False,non_antibody_antigen;unsupported_mutation_count
1t83_0501,1T83,1t83_0501,8,other,2.08,experimental,"A:S239D,B:S239D,A:D265V,B:D265V,A:N297D,B:N297D,A:I332E,B:I332E",antibody-effector,"A:S239D,B:S239D,A:D265V,B:D265V,A:N297D,B:N297D,A:I332E,B:I332E","A:S239D,B:S239D,A:D265V,B:D265V,A:N297D,B:N297D,A:I332E,B:I332E",AB_C,hu-FCgIIIb,Fc-IGG1,,,true,true,False,False,non_antibody_antigen;unsupported_mutation_count
1t83_0502,1T83,1t83_0502,8,other,2.32,experimental,"A:S239D,B:S239D,A:D265Y,B:D265Y,A:N297D,B:N297D,A:I332E,B:I332E",antibody-effector,"A:S239D,B:S239D,A:D265Y,B:D265Y,A:N297D,B:N297D,A:I332E,B:I332E","A:S239D,B:S239D,A:D265Y,B:D265Y,A:N297D,B:N297D,A:I332E,B:I332E",AB_C,hu-FCgIIIb,Fc-IGG1,,,true,true,False,False,non_antibody_antigen;unsupported_mutation_count
1t83_0503,1T83,1t83_0503,4,other,-1.57,experimental,"A:S239D,B:S239D,A:I332D,B:I332D",antibody-effector,"A:S239D,B:S239D,A:I332D,B:I332D","A:S239D,B:S239D,A:I332D,B:I332D",AB_C,hu-FCgIIIb,Fc-IGG1,,,true,true,False,False,non_antibody_antigen;unsupported_mutation_count
1t83_0504,1T83,1t83_0504,4,other,-2.39,experimental,"A:S239D,B:S239D,A:I332E,B:I332E",antibody-effector,"A:S239D,B:S239D,A:I332E,B:I332E","A:S239D,B:S239D,A:I332E,B:I332E",AB_C,hu-FCgIIIb,Fc-IGG1,,,true,true,False,False,non_antibody_antigen;unsupported_mutation_count
1t83_0505,1T83,1t83_0505,6,other,-2.42,experimental,"A:S239D,B:S239D,A:I332E,B:I332E,A:A330I,B:A330I",antibody-effector,"A:S239D,B:S239D,A:I332E,B:I332E,A:A330I,B:A330I","A:S239D,B:S239D,A:I332E,B:I332E,A:A330I,B:A330I",AB_C,hu-FCgIIIb,Fc-IGG1,,,true,true,False,False,non_antibody_antigen;unsupported_mutation_count
1t83_0506,1T83,1t83_0506,4,other,-1.17,experimental,"A:S239D,B:S239D,A:I332N,B:I332N",antibody-effector,"A:S239D,B:S239D,A:I332N,B:I332N","A:S239D,B:S239D,A:I332N,B:I332N",AB_C,hu-FCgIIIb,Fc-IGG1,,,true,true,False,False,non_antibody_antigen;unsupported_mutation_count
1t83_0507,1T83,1t83_0507,4,other,-1.32,experimental,"A:S239D,B:S239D,A:I332Q,B:I332Q",antibody-effector,"A:S239D,B:S239D,A:I332Q,B:I332Q","A:S239D,B:S239D,A:I332Q,B:I332Q",AB_C,hu-FCgIIIb,Fc-IGG1,,,true,true,False,False,non_antibody_antigen;unsupported_mutation_count
1t83_0508,1T83,1t83_0508,6,other,0.76,experimental,"A:S239D,B:S239D,A:N297D,B:N297D,A:I332E,B:I332E",antibody-effector,"A:S239D,B:S239D,A:N297D,B:N297D,A:I332E,B:I332E","A:S239D,B:S239D,A:N297D,B:N297D,A:I332E,B:I332E",AB_C,hu-FCgIIIb,Fc-IGG1,,,true,true,False,False,non_antibody_antigen;unsupported_mutation_count
1t83_0509,1T83,1t83_0509,8,other,2.32,experimental,"A:S239D,B:S239D,A:N297D,B:N297D,A:I332E,B:I332E,A:A330Y,B:A330Y",antibody-effector,"A:S239D,B:S239D,A:N297D,B:N297D,A:I332E,B:I332E,A:A330Y,B:A330Y","A:S239D,B:S239D,A:N297D,B:N297D,A:I332E,B:I332E,A:A330Y,B:A330Y",AB_C,hu-FCgIIIb,Fc-IGG1,,,true,true,False,False,non_antibody_antigen;unsupported_mutation_count
1t83_0510,1T83,1t83_0510,16,other,2.32,experimental,"A:S239D,B:S239D,A:N297D,B:N297D,A:I332E,B:I332E,A:A330Y,B:A330Y,A:F241S,B:F241S,A:F243H,B:F243H,A:V262T,B:V262T,A:V264T,B:V264T",antibody-effector,"A:S239D,B:S239D,A:N297D,B:N297D,A:I332E,B:I332E,A:A330Y,B:A330Y,A:F241S,B:F241S,A:F243H,B:F243H,A:V262T,B:V262T,A:V264T,B:V264T","A:S239D,B:S239D,A:N297D,B:N297D,A:I332E,B:I332E,A:A330Y,B:A330Y,A:F241S,B:F241S,A:F243H,B:F243H,A:V262T,B:V262T,A:V264T,B:V264T",AB_C,hu-FCgIIIb,Fc-IGG1,,,true,true,False,False,non_antibody_antigen;unsupported_mutation_count
1t83_0511,1T83,1t83_0511,6,other,-3.37,experimental,"A:S239D,B:S239D,A:S298A,B:S298A,A:I332E,B:I332E",antibody-effector,"A:S239D,B:S239D,A:S298A,B:S298A,A:I332E,B:I332E","A:S239D,B:S239D,A:S298A,B:S298A,A:I332E,B:I332E",AB_C,hu-FCgIIIb,Fc-IGG1,,,true,true,False,False,non_antibody_antigen;unsupported_mutation_count
1t83_0512,1T83,1t83_0512,6,other,-2.13,experimental,"A:S239D,B:S239D,A:V264I,B:V264I,A:I332E,B:I332E",antibody-effector,"A:S239D,B:S239D,A:V264I,B:V264I,A:I332E,B:I332E","A:S239D,B:S239D,A:V264I,B:V264I,A:I332E,B:I332E",AB_C,hu-FCgIIIb,Fc-IGG1,,,true,true,False,False,non_antibody_antigen;unsupported_mutation_count
1t83_0513,1T83,1t83_0513,2,other,-1.38,experimental,"A:S239E,B:S239E",antibody-effector,"A:S239E,B:S239E","A:S239E,B:S239E",AB_C,hu-FCgIIIb,Fc-IGG1,,,true,true,False,False,non_antibody_antigen
1t83_0514,1T83,1t83_0514,4,other,2.32,experimental,"A:S239E,B:S239E,A:D265G,B:D265G",antibody-effector,"A:S239E,B:S239E,A:D265G,B:D265G","A:S239E,B:S239E,A:D265G,B:D265G",AB_C,hu-FCgIIIb,Fc-IGG1,,,true,true,False,False,non_antibody_antigen;unsupported_mutation_count
1t83_0515,1T83,1t83_0515,4,other,2.32,experimental,"A:S239E,B:S239E,A:D265N,B:D265N",antibody-effector,"A:S239E,B:S239E,A:D265N,B:D265N","A:S239E,B:S239E,A:D265N,B:D265N",AB_C,hu-FCgIIIb,Fc-IGG1,,,true,true,False,False,non_antibody_antigen;unsupported_mutation_count
1t83_0516,1T83,1t83_0516,4,other,1.78,experimental,"A:S239E,B:S239E,A:D265Q,B:D265Q",antibody-effector,"A:S239E,B:S239E,A:D265Q,B:D265Q","A:S239E,B:S239E,A:D265Q,B:D265Q",AB_C,hu-FCgIIIb,Fc-IGG1,,,true,true,False,False,non_antibody_antigen;unsupported_mutation_count
1t83_0517,1T83,1t83_0517,4,other,-1.32,experimental,"A:S239E,B:S239E,A:I332D,B:I332D",antibody-effector,"A:S239E,B:S239E,A:I332D,B:I332D","A:S239E,B:S239E,A:I332D,B:I332D",AB_C,hu-FCgIIIb,Fc-IGG1,,,true,true,False,False,non_antibody_antigen;unsupported_mutation_count
1t83_0518,1T83,1t83_0518,4,other,-1.04,experimental,"A:S239E,B:S239E,A:I332E,B:I332E",antibody-effector,"A:S239E,B:S239E,A:I332E,B:I332E","A:S239E,B:S239E,A:I332E,B:I332E",AB_C,hu-FCgIIIb,Fc-IGG1,,,true,true,False,False,non_antibody_antigen;unsupported_mutation_count
1t83_0519,1T83,1t83_0519,4,other,-1.47,experimental,"A:S239E,B:S239E,A:I332N,B:I332N",antibody-effector,"A:S239E,B:S239E,A:I332N,B:I332N","A:S239E,B:S239E,A:I332N,B:I332N",AB_C,hu-FCgIIIb,Fc-IGG1,,,true,true,False,False,non_antibody_antigen;unsupported_mutation_count
1t83_0520,1T83,1t83_0520,4,other,-0.79,experimental,"A:S239E,B:S239E,A:I332Q,B:I332Q",antibody-effector,"A:S239E,B:S239E,A:I332Q,B:I332Q","A:S239E,B:S239E,A:I332Q,B:I332Q",AB_C,hu-FCgIIIb,Fc-IGG1,,,true,true,False,False,non_antibody_antigen;unsupported_mutation_count
1t83_0521,1T83,1t83_0521,6,other,1.67,experimental,"A:S239E,B:S239E,A:N297D,B:N297D,A:I332E,B:I332E",antibody-effector,"A:S239E,B:S239E,A:N297D,B:N297D,A:I332E,B:I332E","A:S239E,B:S239E,A:N297D,B:N297D,A:I332E,B:I332E",AB_C,hu-FCgIIIb,Fc-IGG1,,,true,true,False,False,non_antibody_antigen;unsupported_mutation_count
1t83_0522,1T83,1t83_0522,8,other,-1.27,experimental,"A:S239E,B:S239E,A:V264I,B:V264I,A:A330Y,B:A330Y,A:I332E,B:I332E",antibody-effector,"A:S239E,B:S239E,A:V264I,B:V264I,A:A330Y,B:A330Y,A:I332E,B:I332E","A:S239E,B:S239E,A:V264I,B:V264I,A:A330Y,B:A330Y,A:I332E,B:I332E",AB_C,hu-FCgIIIb,Fc-IGG1,,,true,true,False,False,non_antibody_antigen;unsupported_mutation_count
1t83_0523,1T83,1t83_0523,6,other,-1.62,experimental,"A:S239E,B:S239E,A:V264I,B:V264I,A:I332E,B:I332E",antibody-effector,"A:S239E,B:S239E,A:V264I,B:V264I,A:I332E,B:I332E","A:S239E,B:S239E,A:V264I,B:V264I,A:I332E,B:I332E",AB_C,hu-FCgIIIb,Fc-IGG1,,,true,true,False,False,non_antibody_antigen;unsupported_mutation_count
1t83_0524,1T83,1t83_0524,2,other,0.9,experimental,"A:S239F,B:S239F",antibody-effector,"A:S239F,B:S239F","A:S239F,B:S239F",AB_C,hu-FCgIIIb,Fc-IGG1,,,true,true,False,False,non_antibody_antigen
1t83_0525,1T83,1t83_0525,2,other,0.95,experimental,"A:S239H,B:S239H",antibody-effector,"A:S239H,B:S239H","A:S239H,B:S239H",AB_C,hu-FCgIIIb,Fc-IGG1,,,true,true,False,False,non_antibody_antigen
1t83_0526,1T83,1t83_0526,2,other,2.32,experimental,"A:S239N,B:S239N",antibody-effector,"A:S239N,B:S239N","A:S239N,B:S239N",AB_C,hu-FCgIIIb,Fc-IGG1,,,true,true,False,False,non_antibody_antigen
1t83_0527,1T83,1t83_0527,6,other,-1.52,experimental,"A:S239N,B:S239N,A:A330L,B:A330L,A:I332E,B:I332E",antibody-effector,"A:S239N,B:S239N,A:A330L,B:A330L,A:I332E,B:I332E","A:S239N,B:S239N,A:A330L,B:A330L,A:I332E,B:I332E",AB_C,hu-FCgIIIb,Fc-IGG1,,,true,true,False,False,non_antibody_antigen;unsupported_mutation_count
1t83_0528,1T83,1t83_0528,6,other,-1.57,experimental,"A:S239N,B:S239N,A:A330Y,B:A330Y,A:I332E,B:I332E",antibody-effector,"A:S239N,B:S239N,A:A330Y,B:A330Y,A:I332E,B:I332E","A:S239N,B:S239N,A:A330Y,B:A330Y,A:I332E,B:I332E",AB_C,hu-FCgIIIb,Fc-IGG1,,,true,true,False,False,non_antibody_antigen;unsupported_mutation_count
1t83_0529,1T83,1t83_0529,4,other,-0.67,experimental,"A:S239N,B:S239N,A:I332D,B:I332D",antibody-effector,"A:S239N,B:S239N,A:I332D,B:I332D","A:S239N,B:S239N,A:I332D,B:I332D",AB_C,hu-FCgIIIb,Fc-IGG1,,,true,true,False,False,non_antibody_antigen;unsupported_mutation_count
1t83_0530,1T83,1t83_0530,4,other,-1.57,experimental,"A:S239N,B:S239N,A:I332E,B:I332E",antibody-effector,"A:S239N,B:S239N,A:I332E,B:I332E","A:S239N,B:S239N,A:I332E,B:I332E",AB_C,hu-FCgIIIb,Fc-IGG1,,,true,true,False,False,non_antibody_antigen;unsupported_mutation_count
1t83_0531,1T83,1t83_0531,4,other,0.5,experimental,"A:S239N,B:S239N,A:I332N,B:I332N",antibody-effector,"A:S239N,B:S239N,A:I332N,B:I332N","A:S239N,B:S239N,A:I332N,B:I332N",AB_C,hu-FCgIIIb,Fc-IGG1,,,true,true,False,False,non_antibody_antigen;unsupported_mutation_count
1t83_0532,1T83,1t83_0532,4,other,0.34,experimental,"A:S239N,B:S239N,A:I332Q,B:I332Q",antibody-effector,"A:S239N,B:S239N,A:I332Q,B:I332Q","A:S239N,B:S239N,A:I332Q,B:I332Q",AB_C,hu-FCgIIIb,Fc-IGG1,,,true,true,False,False,non_antibody_antigen;unsupported_mutation_count
1t83_0533,1T83,1t83_0533,6,other,-2.06,experimental,"A:S239N,B:S239N,A:S298A,B:S298A,A:I332E,B:I332E",antibody-effector,"A:S239N,B:S239N,A:S298A,B:S298A,A:I332E,B:I332E","A:S239N,B:S239N,A:S298A,B:S298A,A:I332E,B:I332E",AB_C,hu-FCgIIIb,Fc-IGG1,,,true,true,False,False,non_antibody_antigen;unsupported_mutation_count
1t83_0534,1T83,1t83_0534,4,other,-0.96,experimental,"A:S239Q,B:S239Q,A:I332D,B:I332D",antibody-effector,"A:S239Q,B:S239Q,A:I332D,B:I332D","A:S239Q,B:S239Q,A:I332D,B:I332D",AB_C,hu-FCgIIIb,Fc-IGG1,,,true,true,False,False,non_antibody_antigen;unsupported_mutation_count
1t83_0535,1T83,1t83_0535,4,other,-1.12,experimental,"A:S239Q,B:S239Q,A:I332E,B:I332E",antibody-effector,"A:S239Q,B:S239Q,A:I332E,B:I332E","A:S239Q,B:S239Q,A:I332E,B:I332E",AB_C,hu-FCgIIIb,Fc-IGG1,,,true,true,False,False,non_antibody_antigen;unsupported_mutation_count
1t83_0536,1T83,1t83_0536,4,other,0.56,experimental,"A:S239Q,B:S239Q,A:I332N,B:I332N",antibody-effector,"A:S239Q,B:S239Q,A:I332N,B:I332N","A:S239Q,B:S239Q,A:I332N,B:I332N",AB_C,hu-FCgIIIb,Fc-IGG1,,,true,true,False,False,non_antibody_antigen;unsupported_mutation_count
1t83_0537,1T83,1t83_0537,4,other,0.31,experimental,"A:S239Q,B:S239Q,A:I332Q,B:I332Q",antibody-effector,"A:S239Q,B:S239Q,A:I332Q,B:I332Q","A:S239Q,B:S239Q,A:I332Q,B:I332Q",AB_C,hu-FCgIIIb,Fc-IGG1,,,true,true,False,False,non_antibody_antigen;unsupported_mutation_count
1t83_0538,1T83,1t83_0538,6,other,-0.45,experimental,"A:S239Q,B:S239Q,A:V264I,B:V264I,A:I332E,B:I332E",antibody-effector,"A:S239Q,B:S239Q,A:V264I,B:V264I,A:I332E,B:I332E","A:S239Q,B:S239Q,A:V264I,B:V264I,A:I332E,B:I332E",AB_C,hu-FCgIIIb,Fc-IGG1,,,true,true,False,False,non_antibody_antigen;unsupported_mutation_count
1t83_0539,1T83,1t83_0539,2,other,-0.17,experimental,"A:S239T,B:S239T",antibody-effector,"A:S239T,B:S239T","A:S239T,B:S239T",AB_C,hu-FCgIIIb,Fc-IGG1,,,true,true,False,False,non_antibody_antigen
1t83_0540,1T83,1t83_0540,2,other,0.93,experimental,"A:S239Y,B:S239Y",antibody-effector,"A:S239Y,B:S239Y","A:S239Y,B:S239Y",AB_C,hu-FCgIIIb,Fc-IGG1,,,true,true,False,False,non_antibody_antigen
1t83_0541,1T83,1t83_0541,4,other,2.32,experimental,"A:S267L,B:S267L,A:A327S,B:A327S",antibody-effector,"A:S267L,B:S267L,A:A327S,B:A327S","A:S267L,B:S267L,A:A327S,B:A327S",AB_C,hu-FCgIIIb,Fc-IGG1,,,true,true,False,False,non_antibody_antigen;unsupported_mutation_count
1t83_0542,1T83,1t83_0542,4,other,2.08,experimental,"A:S267Q,B:S267Q,A:A327S,B:A327S",antibody-effector,"A:S267Q,B:S267Q,A:A327S,B:A327S","A:S267Q,B:S267Q,A:A327S,B:A327S",AB_C,hu-FCgIIIb,Fc-IGG1,,,true,true,False,False,non_antibody_antigen;unsupported_mutation_count
1t83_0543,1T83,1t83_0543,2,other,-0.47,experimental,"A:S298A,B:S298A",antibody-effector,"A:S298A,B:S298A","A:S298A,B:S298A",AB_C,hu-FCgIIIb,Fc-IGG1,,,true,true,False,False,non_antibody_antigen
1t83_0544,1T83,1t83_0544,6,other,-0.56,experimental,"A:S298A,B:S298A,A:E333A,B:E333A,A:K334A,B:K334A",antibody-effector,"A:S298A,B:S298A,A:E333A,B:E333A,A:K334A,B:K334A","A:S298A,B:S298A,A:E333A,B:E333A,A:K334A,B:K334A",AB_C,hu-FCgIIIb,Fc-IGG1,,,true,true,False,False,non_antibody_antigen;unsupported_mutation_count
1t83_0545,1T83,1t83_0545,4,other,-1.83,experimental,"A:S298A,B:S298A,A:I332E,B:I332E",antibody-effector,"A:S298A,B:S298A,A:I332E,B:I332E","A:S298A,B:S298A,A:I332E,B:I332E",AB_C,hu-FCgIIIb,Fc-IGG1,,,true,true,False,False,non_antibody_antigen;unsupported_mutation_count
1t83_0546,1T83,1t83_0546,2,other,0.78,experimental,"A:S298H,B:S298H",antibody-effector,"A:S298H,B:S298H","A:S298H,B:S298H",AB_C,hu-FCgIIIb,Fc-IGG1,,,true,true,False,False,non_antibody_antigen
1t83_0547,1T83,1t83_0547,2,other,0.53,experimental,"A:S298N,B:S298N",antibody-effector,"A:S298N,B:S298N","A:S298N,B:S298N",AB_C,hu-FCgIIIb,Fc-IGG1,,,true,true,False,False,non_antibody_antigen
1t83_0548,1T83,1t83_0548,2,other,0.04,experimental,"A:S298T,B:S298T",antibody-effector,"A:S298T,B:S298T","A:S298T,B:S298T",AB_C,hu-FCgIIIb,Fc-IGG1,,,true,true,False,False,non_antibody_antigen
1t83_0549,1T83,1t83_0549,2,other,-0.04,experimental,"A:S324D,B:S324D",antibody-effector,"A:S324D,B:S324D","A:S324D,B:S324D",AB_C,hu-FCgIIIb,Fc-IGG1,,,true,true,False,False,non_antibody_antigen
1t83_0550,1T83,1t83_0550,2,other,-0.08,experimental,"A:S324I,B:S324I",antibody-effector,"A:S324I,B:S324I","A:S324I,B:S324I",AB_C,hu-FCgIIIb,Fc-IGG1,,,true,true,False,False,non_antibody_antigen
1t83_0551,1T83,1t83_0551,2,other,2.32,experimental,"A:S324L,B:S324L",antibody-effector,"A:S324L,B:S324L","A:S324L,B:S324L",AB_C,hu-FCgIIIb,Fc-IGG1,,,true,true,False,False,non_antibody_antigen
1t83_0552,1T83,1t83_0552,2,other,0.2,experimental,"A:S324R,B:S324R",antibody-effector,"A:S324R,B:S324R","A:S324R,B:S324R",AB_C,hu-FCgIIIb,Fc-IGG1,,,true,true,False,False,non_antibody_antigen
1t83_0553,1T83,1t83_0553,2,other,-0.09,experimental,"A:S324V,B:S324V",antibody-effector,"A:S324V,B:S324V","A:S324V,B:S324V",AB_C,hu-FCgIIIb,Fc-IGG1,,,true,true,False,False,non_antibody_antigen
1t83_0554,1T83,1t83_0554,2,other,0.01,experimental,"A:S324Y,B:S324Y",antibody-effector,"A:S324Y,B:S324Y","A:S324Y,B:S324Y",AB_C,hu-FCgIIIb,Fc-IGG1,,,true,true,False,False,non_antibody_antigen
1t83_0555,1T83,1t83_0555,2,other,2.08,experimental,"A:T299A,B:T299A",antibody-effector,"A:T299A,B:T299A","A:T299A,B:T299A",AB_C,hu-FCgIIIb,Fc-IGG1,,,true,true,False,False,non_antibody_antigen
1t83_0556,1T83,1t83_0556,2,other,2.32,experimental,"A:T299H,B:T299H",antibody-effector,"A:T299H,B:T299H","A:T299H,B:T299H",AB_C,hu-FCgIIIb,Fc-IGG1,,,true,true,False,False,non_antibody_antigen
1t83_0557,1T83,1t83_0557,2,other,2.32,experimental,"A:T299I,B:T299I",antibody-effector,"A:T299I,B:T299I","A:T299I,B:T299I",AB_C,hu-FCgIIIb,Fc-IGG1,,,true,true,False,False,non_antibody_antigen
1t83_0558,1T83,1t83_0558,2,other,1.12,experimental,"A:T299S,B:T299S",antibody-effector,"A:T299S,B:T299S","A:T299S,B:T299S",AB_C,hu-FCgIIIb,Fc-IGG1,,,true,true,False,False,non_antibody_antigen
1t83_0559,1T83,1t83_0559,2,other,2.32,experimental,"A:T299V,B:T299V",antibody-effector,"A:T299V,B:T299V","A:T299V,B:T299V",AB_C,hu-FCgIIIb,Fc-IGG1,,,true,true,False,False,non_antibody_antigen
1t83_0560,1T83,1t83_0560,2,other,-0.61,experimental,"A:T335D,B:T335D",antibody-effector,"A:T335D,B:T335D","A:T335D,B:T335D",AB_C,hu-FCgIIIb,Fc-IGG1,,,true,true,False,False,non_antibody_antigen
1t83_0561,1T83,1t83_0561,2,other,-0.56,experimental,"A:T335R,B:T335R",antibody-effector,"A:T335R,B:T335R","A:T335R,B:T335R",AB_C,hu-FCgIIIb,Fc-IGG1,,,true,true,False,False,non_antibody_antigen
1t83_0562,1T83,1t83_0562,2,other,-0.26,experimental,"A:T335Y,B:T335Y",antibody-effector,"A:T335Y,B:T335Y","A:T335Y,B:T335Y",AB_C,hu-FCgIIIb,Fc-IGG1,,,true,true,False,False,non_antibody_antigen
1t83_0563,1T83,1t83_0563,2,other,0.21,experimental,"A:V240A,B:V240A",antibody-effector,"A:V240A,B:V240A","A:V240A,B:V240A",AB_C,hu-FCgIIIb,Fc-IGG1,,,true,true,False,False,non_antibody_antigen
1t83_0564,1T83,1t83_0564,2,other,-0.7,experimental,"A:V240I,B:V240I",antibody-effector,"A:V240I,B:V240I","A:V240I,B:V240I",AB_C,hu-FCgIIIb,Fc-IGG1,,,true,true,False,False,non_antibody_antigen
1t83_0565,1T83,1t83_0565,4,other,-0.32,experimental,"A:V240I,B:V240I,A:V266I,B:V266I",antibody-effector,"A:V240I,B:V240I,A:V266I,B:V266I","A:V240I,B:V240I,A:V266I,B:V266I",AB_C,hu-FCgIIIb,Fc-IGG1,,,true,true,False,False,non_antibody_antigen;unsupported_mutation_count
1t83_0566,1T83,1t83_0566,2,other,-0.43,experimental,"A:V240M,B:V240M",antibody-effector,"A:V240M,B:V240M","A:V240M,B:V240M",AB_C,hu-FCgIIIb,Fc-IGG1,,,true,true,False,False,non_antibody_antigen
1t83_0567,1T83,1t83_0567,2,other,1.36,experimental,"A:V263I,B:V263I",antibody-effector,"A:V263I,B:V263I","A:V263I,B:V263I",AB_C,hu-FCgIIIb,Fc-IGG1,,,true,true,False,False,non_antibody_antigen
1t83_0568,1T83,1t83_0568,2,other,1.78,experimental,"A:V263M,B:V263M",antibody-effector,"A:V263M,B:V263M","A:V263M,B:V263M",AB_C,hu-FCgIIIb,Fc-IGG1,,,true,true,False,False,non_antibody_antigen
1t83_0569,1T83,1t83_0569,2,other,0.5,experimental,"A:V263T,B:V263T",antibody-effector,"A:V263T,B:V263T","A:V263T,B:V263T",AB_C,hu-FCgIIIb,Fc-IGG1,,,true,true,False,False,non_antibody_antigen
1t83_0570,1T83,1t83_0570,2,other,0.38,experimental,"A:V264A,B:V264A",antibody-effector,"A:V264A,B:V264A","A:V264A,B:V264A",AB_C,hu-FCgIIIb,Fc-IGG1,,,true,true,False,False,non_antibody_antigen
1t83_0571,1T83,1t83_0571,6,other,1.78,experimental,"A:V264E,B:V264E,A:N297D,B:N297D,A:I332E,B:I332E",antibody-effector,"A:V264E,B:V264E,A:N297D,B:N297D,A:I332E,B:I332E","A:V264E,B:V264E,A:N297D,B:N297D,A:I332E,B:I332E",AB_C,hu-FCgIIIb,Fc-IGG1,,,true,true,False,False,non_antibody_antigen;unsupported_mutation_count
1t83_0572,1T83,1t83_0572,2,other,1.09,experimental,"A:V264F,B:V264F",antibody-effector,"A:V264F,B:V264F","A:V264F,B:V264F",AB_C,hu-FCgIIIb,Fc-IGG1,,,true,true,False,False,non_antibody_antigen
1t83_0573,1T83,1t83_0573,2,other,-0.21,experimental,"A:V264I,B:V264I",antibody-effector,"A:V264I,B:V264I","A:V264I,B:V264I",AB_C,hu-FCgIIIb,Fc-IGG1,,,true,true,False,False,non_antibody_antigen
1t83_0574,1T83,1t83_0574,6,other,-1.43,experimental,"A:V264I,B:V264I,A:A330L,B:A330L,A:I332E,B:I332E",antibody-effector,"A:V264I,B:V264I,A:A330L,B:A330L,A:I332E,B:I332E","A:V264I,B:V264I,A:A330L,B:A330L,A:I332E,B:I332E",AB_C,hu-FCgIIIb,Fc-IGG1,,,true,true,False,False,non_antibody_antigen;unsupported_mutation_count
1t83_0575,1T83,1t83_0575,6,other,-1.47,experimental,"A:V264I,B:V264I,A:A330Y,B:A330Y,A:I332E,B:I332E",antibody-effector,"A:V264I,B:V264I,A:A330Y,B:A330Y,A:I332E,B:I332E","A:V264I,B:V264I,A:A330Y,B:A330Y,A:I332E,B:I332E",AB_C,hu-FCgIIIb,Fc-IGG1,,,true,true,False,False,non_antibody_antigen;unsupported_mutation_count
1t83_0576,1T83,1t83_0576,4,other,-1.5,experimental,"A:V264I,B:V264I,A:I332E,B:I332E",antibody-effector,"A:V264I,B:V264I,A:I332E,B:I332E","A:V264I,B:V264I,A:I332E,B:I332E",AB_C,hu-FCgIIIb,Fc-IGG1,,,true,true,False,False,non_antibody_antigen;unsupported_mutation_count
1t83_0577,1T83,1t83_0577,6,other,-1.66,experimental,"A:V264I,B:V264I,A:S298A,B:S298A,A:I332E,B:I332E",antibody-effector,"A:V264I,B:V264I,A:S298A,B:S298A,A:I332E,B:I332E","A:V264I,B:V264I,A:S298A,B:S298A,A:I332E,B:I332E",AB_C,hu-FCgIIIb,Fc-IGG1,,,true,true,False,False,non_antibody_antigen;unsupported_mutation_count
1t83_0578,1T83,1t83_0578,2,other,0.34,experimental,"A:V264L,B:V264L",antibody-effector,"A:V264L,B:V264L","A:V264L,B:V264L",AB_C,hu-FCgIIIb,Fc-IGG1,,,true,true,False,False,non_antibody_antigen
1t83_0579,1T83,1t83_0579,2,other,0.8,experimental,"A:V264M,B:V264M",antibody-effector,"A:V264M,B:V264M","A:V264M,B:V264M",AB_C,hu-FCgIIIb,Fc-IGG1,,,true,true,False,False,non_antibody_antigen
1t83_0580,1T83,1t83_0580,2,other,-0.6,experimental,"A:V264T,B:V264T",antibody-effector,"A:V264T,B:V264T","A:V264T,B:V264T",AB_C,hu-FCgIIIb,Fc-IGG1,,,true,true,False,False,non_antibody_antigen
1t83_0581,1T83,1t83_0581,2,other,-0.01,experimental,"A:V264Y,B:V264Y",antibody-effector,"A:V264Y,B:V264Y","A:V264Y,B:V264Y",AB_C,hu-FCgIIIb,Fc-IGG1,,,true,true,False,False,non_antibody_antigen
1t83_0582,1T83,1t83_0582,2,other,2.32,experimental,"A:V266A,B:V266A",antibody-effector,"A:V266A,B:V266A","A:V266A,B:V266A",AB_C,hu-FCgIIIb,Fc-IGG1,,,true,true,False,False,non_antibody_antigen
1t83_0583,1T83,1t83_0583,2,other,-0.37,experimental,"A:V266I,B:V266I",antibody-effector,"A:V266I,B:V266I","A:V266I,B:V266I",AB_C,hu-FCgIIIb,Fc-IGG1,,,true,true,False,False,non_antibody_antigen
1t83_0584,1T83,1t83_0584,2,other,0.28,experimental,"A:V266M,B:V266M",antibody-effector,"A:V266M,B:V266M","A:V266M,B:V266M",AB_C,hu-FCgIIIb,Fc-IGG1,,,true,true,False,False,non_antibody_antigen
1t83_0585,1T83,1t83_0585,2,other,0.47,experimental,"A:V266T,B:V266T",antibody-effector,"A:V266T,B:V266T","A:V266T,B:V266T",AB_C,hu-FCgIIIb,Fc-IGG1,,,true,true,False,False,non_antibody_antigen
1t83_0586,1T83,1t83_0586,2,other,0.14,experimental,"A:V273I,B:V273I",antibody-effector,"A:V273I,B:V273I","A:V273I,B:V273I",AB_C,hu-FCgIIIb,Fc-IGG1,,,true,true,False,False,non_antibody_antigen
1t83_0587,1T83,1t83_0587,2,other,-0.01,experimental,"A:V302I,B:V302I",antibody-effector,"A:V302I,B:V302I","A:V302I,B:V302I",AB_C,hu-FCgIIIb,Fc-IGG1,,,true,true,False,False,non_antibody_antigen
1t83_0588,1T83,1t83_0588,2,other,0.11,experimental,"A:V323I,B:V323I",antibody-effector,"A:V323I,B:V323I","A:V323I,B:V323I",AB_C,hu-FCgIIIb,Fc-IGG1,,,true,true,False,False,non_antibody_antigen
1t83_0589,1T83,1t83_0589,2,other,0.08,experimental,"A:W313F,B:W313F",antibody-effector,"A:W313F,B:W313F","A:W313F,B:W313F",AB_C,hu-FCgIIIb,Fc-IGG1,,,true,true,False,False,non_antibody_antigen
1t83_0590,1T83,1t83_0590,2,other,0.06,experimental,"A:Y278E,B:Y278E",antibody-effector,"A:Y278E,B:Y278E","A:Y278E,B:Y278E",AB_C,hu-FCgIIIb,Fc-IGG1,,,true,true,False,False,non_antibody_antigen
1t83_0591,1T83,1t83_0591,2,other,-0.37,experimental,"A:Y278T,B:Y278T",antibody-effector,"A:Y278T,B:Y278T","A:Y278T,B:Y278T",AB_C,hu-FCgIIIb,Fc-IGG1,,,true,true,False,False,non_antibody_antigen
1t83_0592,1T83,1t83_0592,2,other,0.53,experimental,"A:Y278W,B:Y278W",antibody-effector,"A:Y278W,B:Y278W","A:Y278W,B:Y278W",AB_C,hu-FCgIIIb,Fc-IGG1,,,true,true,False,False,non_antibody_antigen
1t83_0593,1T83,1t83_0593,2,other,0.28,experimental,"A:Y296D,B:Y296D",antibody-effector,"A:Y296D,B:Y296D","A:Y296D,B:Y296D",AB_C,hu-FCgIIIb,Fc-IGG1,,,true,true,False,False,non_antibody_antigen
1t83_0594,1T83,1t83_0594,2,other,0.19,experimental,"A:Y296E,B:Y296E",antibody-effector,"A:Y296E,B:Y296E","A:Y296E,B:Y296E",AB_C,hu-FCgIIIb,Fc-IGG1,,,true,true,False,False,non_antibody_antigen
1t83_0595,1T83,1t83_0595,6,other,2.32,experimental,"A:Y296E,B:Y296E,A:N297D,B:N297D,A:I332E,B:I332E",antibody-effector,"A:Y296E,B:Y296E,A:N297D,B:N297D,A:I332E,B:I332E","A:Y296E,B:Y296E,A:N297D,B:N297D,A:I332E,B:I332E",AB_C,hu-FCgIIIb,Fc-IGG1,,,true,true,False,False,non_antibody_antigen;unsupported_mutation_count
1t83_0596,1T83,1t83_0596,6,other,2.32,experimental,"A:Y296H,B:Y296H,A:N297D,B:N297D,A:I332E,B:I332E",antibody-effector,"A:Y296H,B:Y296H,A:N297D,B:N297D,A:I332E,B:I332E","A:Y296H,B:Y296H,A:N297D,B:N297D,A:I332E,B:I332E",AB_C,hu-FCgIIIb,Fc-IGG1,,,true,true,False,False,non_antibody_antigen;unsupported_mutation_count
1t83_0597,1T83,1t83_0597,2,other,1.43,experimental,"A:Y296I,B:Y296I",antibody-effector,"A:Y296I,B:Y296I","A:Y296I,B:Y296I",AB_C,hu-FCgIIIb,Fc-IGG1,,,true,true,False,False,non_antibody_antigen
1t83_0598,1T83,1t83_0598,2,other,0.9,experimental,"A:Y296L,B:Y296L",antibody-effector,"A:Y296L,B:Y296L","A:Y296L,B:Y296L",AB_C,hu-FCgIIIb,Fc-IGG1,,,true,true,False,False,non_antibody_antigen
1t83_0599,1T83,1t83_0599,2,other,0.73,experimental,"A:Y296N,B:Y296N",antibody-effector,"A:Y296N,B:Y296N","A:Y296N,B:Y296N",AB_C,hu-FCgIIIb,Fc-IGG1,,,true,true,False,False,non_antibody_antigen
1t83_0600,1T83,1t83_0600,6,other,1.91,experimental,"A:Y296N,B:Y296N,A:N297D,B:N297D,A:I332E,B:I332E",antibody-effector,"A:Y296N,B:Y296N,A:N297D,B:N297D,A:I332E,B:I332E","A:Y296N,B:Y296N,A:N297D,B:N297D,A:I332E,B:I332E",AB_C,hu-FCgIIIb,Fc-IGG1,,,true,true,False,False,non_antibody_antigen;unsupported_mutation_count
1t83_0601,1T83,1t83_0601,2,other,0.39,experimental,"A:Y296Q,B:Y296Q",antibody-effector,"A:Y296Q,B:Y296Q","A:Y296Q,B:Y296Q",AB_C,hu-FCgIIIb,Fc-IGG1,,,true,true,False,False,non_antibody_antigen
1t83_0602,1T83,1t83_0602,6,other,2.32,experimental,"A:Y296Q,B:Y296Q,A:N297D,B:N297D,A:I332E,B:I332E",antibody-effector,"A:Y296Q,B:Y296Q,A:N297D,B:N297D,A:I332E,B:I332E","A:Y296Q,B:Y296Q,A:N297D,B:N297D,A:I332E,B:I332E",AB_C,hu-FCgIIIb,Fc-IGG1,,,true,true,False,False,non_antibody_antigen;unsupported_mutation_count
1t83_0603,1T83,1t83_0603,2,other,1.26,experimental,"A:Y296S,B:Y296S",antibody-effector,"A:Y296S,B:Y296S","A:Y296S,B:Y296S",AB_C,hu-FCgIIIb,Fc-IGG1,,,true,true,False,False,non_antibody_antigen
1t83_0604,1T83,1t83_0604,2,other,2.32,experimental,"A:Y296T,B:Y296T",antibody-effector,"A:Y296T,B:Y296T","A:Y296T,B:Y296T",AB_C,hu-FCgIIIb,Fc-IGG1,,,true,true,False,False,non_antibody_antigen
1t83_0605,1T83,1t83_0605,6,other,2.32,experimental,"A:Y296T,B:Y296T,A:N297D,B:N297D,A:I332E,B:I332E",antibody-effector,"A:Y296T,B:Y296T,A:N297D,B:N297D,A:I332E,B:I332E","A:Y296T,B:Y296T,A:N297D,B:N297D,A:I332E,B:I332E",AB_C,hu-FCgIIIb,Fc-IGG1,,,true,true,False,False,non_antibody_antigen;unsupported_mutation_count
1vfb_0606,1VFB,1vfb_0606,2,mixed,3.4,experimental,H:D100A@antibody;C:S24A@antigen,antibody-antigen,"H:D100A,C:S24A",H:D100A@antibody;C:S24A@antigen,C_HL,IGG1-Kappa D1.3 FV,Lysozyme,HL,C,true,true,False,False,double_cross_side;charge_changing_v2
1vfb_0607,1VFB,1vfb_0607,2,mixed,1.2,experimental,H:D54A@antibody;C:T118A@antigen,antibody-antigen,"H:D54A,C:T118A",H:D54A@antibody;C:T118A@antigen,C_HL,IGG1-Kappa D1.3 FV,Lysozyme,HL,C,true,true,False,False,double_cross_side;charge_changing_v2
1vfb_0608,1VFB,1vfb_0608,2,mixed,2.2,experimental,H:W52A@antibody;C:D119A@antigen,antibody-antigen,"H:W52A,C:D119A",H:W52A@antibody;C:D119A@antigen,C_HL,IGG1-Kappa D1.3 FV,Lysozyme,HL,C,true,true,False,False,double_cross_side;charge_changing_v2
1vfb_0609,1VFB,1vfb_0609,2,mixed,2.7,experimental,H:Y101F@antibody;C:D119A@antigen,antibody-antigen,"H:Y101F,C:D119A",H:Y101F@antibody;C:D119A@antigen,C_HL,IGG1-Kappa D1.3 FV,Lysozyme,HL,C,true,true,False,False,double_cross_side;charge_changing_v2
1vfb_0610,1VFB,1vfb_0610,2,mixed,2.5,experimental,H:Y101F@antibody;C:V120A@antigen,antibody-antigen,"H:Y101F,C:V120A",H:Y101F@antibody;C:V120A@antigen,C_HL,IGG1-Kappa D1.3 FV,Lysozyme,HL,C,true,true,False,False,double_cross_side
1vfb_0611,1VFB,1vfb_0611,2,mixed,1.6,experimental,H:Y32A@antibody;C:K116A@antigen,antibody-antigen,"H:Y32A,C:K116A",H:Y32A@antibody;C:K116A@antigen,C_HL,IGG1-Kappa D1.3 FV,Lysozyme,HL,C,true,true,False,False,double_cross_side;charge_changing_v2
1vfb_0612,1VFB,1vfb_0612,2,mixed,3.8,experimental,L:W92A@antibody;C:I124A@antigen,antibody-antigen,"L:W92A,C:I124A",L:W92A@antibody;C:I124A@antigen,C_HL,IGG1-Kappa D1.3 FV,Lysozyme,HL,C,true,true,False,False,double_cross_side
1vfb_0613,1VFB,1vfb_0613,2,mixed,3.3,experimental,L:W92A@antibody;C:L129A@antigen,antibody-antigen,"L:W92A,C:L129A",L:W92A@antibody;C:L129A@antigen,C_HL,IGG1-Kappa D1.3 FV,Lysozyme,HL,C,true,true,False,False,double_cross_side
1vfb_0614,1VFB,1vfb_0614,2,mixed,3.5,experimental,L:W92A@antibody;C:Q121A@antigen,antibody-antigen,"L:W92A,C:Q121A",L:W92A@antibody;C:Q121A@antigen,C_HL,IGG1-Kappa D1.3 FV,Lysozyme,HL,C,true,true,False,False,double_cross_side
1vfb_0615,1VFB,1vfb_0615,2,mixed,3.4,experimental,L:W92A@antibody;C:R125A@antigen,antibody-antigen,"L:W92A,C:R125A",L:W92A@antibody;C:R125A@antigen,C_HL,IGG1-Kappa D1.3 FV,Lysozyme,HL,C,true,true,False,False,double_cross_side;charge_changing_v2
1vfb_0616,1VFB,1vfb_0616,2,mixed,2.9,experimental,L:Y32A@antibody;C:I124A@antigen,antibody-antigen,"L:Y32A,C:I124A",L:Y32A@antibody;C:I124A@antigen,C_HL,IGG1-Kappa D1.3 FV,Lysozyme,HL,C,true,true,False,False,double_cross_side
1vfb_0617,1VFB,1vfb_0617,2,mixed,2.6,experimental,L:Y32A@antibody;C:Q121A@antigen,antibody-antigen,"L:Y32A,C:Q121A",L:Y32A@antibody;C:Q121A@antigen,C_HL,IGG1-Kappa D1.3 FV,Lysozyme,HL,C,true,true,False,False,double_cross_side
1vfb_0618,1VFB,1vfb_0618,2,mixed,1.2,experimental,L:Y50A@antibody;C:D119A@antigen,antibody-antigen,"L:Y50A,C:D119A",L:Y50A@antibody;C:D119A@antigen,C_HL,IGG1-Kappa D1.3 FV,Lysozyme,HL,C,true,true,False,False,double_cross_side;charge_changing_v2
1vfb_0619,1VFB,1vfb_0619,2,mixed,1.3,experimental,L:Y50A@antibody;C:D18A@antigen,antibody-antigen,"L:Y50A,C:D18A",L:Y50A@antibody;C:D18A@antigen,C_HL,IGG1-Kappa D1.3 FV,Lysozyme,HL,C,true,true,False,False,double_cross_side;charge_changing_v2
1vfb_0620,1VFB,1vfb_0620,1,antigen,1,experimental,C:D119A@antigen,antibody-antigen,C:D119A,C:D119A@antigen,C_HL,IGG1-Kappa D1.3 FV,Lysozyme,HL,C,true,true,False,False,charge_changing_v1
1vfb_0621,1VFB,1vfb_0621,1,antigen,0.3,experimental,C:D18A@antigen,antibody-antigen,C:D18A,C:D18A@antigen,C_HL,IGG1-Kappa D1.3 FV,Lysozyme,HL,C,true,true,False,False,charge_changing_v1
1vfb_0622,1VFB,1vfb_0622,1,antigen,1.2,experimental,C:I124A@antigen,antibody-antigen,C:I124A,C:I124A@antigen,C_HL,IGG1-Kappa D1.3 FV,Lysozyme,HL,C,true,true,True,True,
1vfb_0623,1VFB,1vfb_0623,1,antigen,0.7,experimental,C:K116A@antigen,antibody-antigen,C:K116A,C:K116A@antigen,C_HL,IGG1-Kappa D1.3 FV,Lysozyme,HL,C,true,true,False,False,charge_changing_v1
1vfb_0624,1VFB,1vfb_0624,1,antigen,0.2,experimental,C:L129A@antigen,antibody-antigen,C:L129A,C:L129A@antigen,C_HL,IGG1-Kappa D1.3 FV,Lysozyme,HL,C,true,true,True,True,
1vfb_0625,1VFB,1vfb_0625,1,antigen,0.3,experimental,C:N19A@antigen,antibody-antigen,C:N19A,C:N19A@antigen,C_HL,IGG1-Kappa D1.3 FV,Lysozyme,HL,C,true,true,True,True,
1vfb_0626,1VFB,1vfb_0626,1,antigen,2.9,experimental,C:Q121A@antigen,antibody-antigen,C:Q121A,C:Q121A@antigen,C_HL,IGG1-Kappa D1.3 FV,Lysozyme,HL,C,true,true,True,True,
1vfb_0627,1VFB,1vfb_0627,1,antigen,1.8,experimental,C:R125A@antigen,antibody-antigen,C:R125A,C:R125A@antigen,C_HL,IGG1-Kappa D1.3 FV,Lysozyme,HL,C,true,true,False,False,charge_changing_v1
1vfb_0628,1VFB,1vfb_0628,1,antigen,0.8,experimental,C:S24A@antigen,antibody-antigen,C:S24A,C:S24A@antigen,C_HL,IGG1-Kappa D1.3 FV,Lysozyme,HL,C,true,true,True,True,
1vfb_0629,1VFB,1vfb_0629,1,antigen,0.8,experimental,C:T118A@antigen,antibody-antigen,C:T118A,C:T118A@antigen,C_HL,IGG1-Kappa D1.3 FV,Lysozyme,HL,C,true,true,True,True,
1vfb_0630,1VFB,1vfb_0630,1,antigen,0.9,experimental,C:V120A@antigen,antibody-antigen,C:V120A,C:V120A@antigen,C_HL,IGG1-Kappa D1.3 FV,Lysozyme,HL,C,true,true,True,True,
1vfb_0631,1VFB,1vfb_0631,1,antigen,0.4,experimental,C:Y23A@antigen,antibody-antigen,C:Y23A,C:Y23A@antigen,C_HL,IGG1-Kappa D1.3 FV,Lysozyme,HL,C,true,true,True,True,
1vfb_0632,1VFB,1vfb_0632,1,antibody,2.9,experimental,H:D100A@antibody,antibody-antigen,H:D100A,H:D100A@antibody,C_HL,IGG1-Kappa D1.3 FV,Lysozyme,HL,C,true,true,False,False,charge_changing_v1
1vfb_0633,1VFB,1vfb_0633,1,antibody,1,experimental,H:D54A@antibody,antibody-antigen,H:D54A,H:D54A@antibody,C_HL,IGG1-Kappa D1.3 FV,Lysozyme,HL,C,true,true,False,False,charge_changing_v1
1vfb_0634,1VFB,1vfb_0634,1,antibody,0.08,experimental,H:D58E@antibody,antibody-antigen,H:D58E,H:D58E@antibody,C_HL,IGG1-Kappa D1.3 FV,Lysozyme,HL,C,true,true,True,True,
1vfb_0635,1VFB,1vfb_0635,1,antibody,-0.13,experimental,H:D58N@antibody,antibody-antigen,H:D58N,H:D58N@antibody,C_HL,IGG1-Kappa D1.3 FV,Lysozyme,HL,C,true,true,False,False,charge_changing_v1
1vfb_0636,1VFB,1vfb_0636,1,antibody,0.3,experimental,H:G31A@antibody,antibody-antigen,H:G31A,H:G31A@antibody,C_HL,IGG1-Kappa D1.3 FV,Lysozyme,HL,C,true,true,True,True,
1vfb_0637,1VFB,1vfb_0637,1,antibody,-0.51,experimental,H:G31E@antibody,antibody-antigen,H:G31E,H:G31E@antibody,C_HL,IGG1-Kappa D1.3 FV,Lysozyme,HL,C,true,true,False,False,charge_changing_v1
1vfb_0638,1VFB,1vfb_0638,1,antibody,0.01,experimental,H:G31W@antibody,antibody-antigen,H:G31W,H:G31W@antibody,C_HL,IGG1-Kappa D1.3 FV,Lysozyme,HL,C,true,true,True,True,
1vfb_0639,1VFB,1vfb_0639,1,antibody,0.71,experimental,H:R99W@antibody,antibody-antigen,H:R99W,H:R99W@antibody,C_HL,IGG1-Kappa D1.3 FV,Lysozyme,HL,C,true,true,False,False,charge_changing_v1
1vfb_0640,1VFB,1vfb_0640,1,antibody,1.26,experimental,H:R99Y@antibody,antibody-antigen,H:R99Y,H:R99Y@antibody,C_HL,IGG1-Kappa D1.3 FV,Lysozyme,HL,C,true,true,False,False,charge_changing_v1
1vfb_0641,1VFB,1vfb_0641,1,antibody,0,experimental,H:S28D@antibody,antibody-antigen,H:S28D,H:S28D@antibody,C_HL,IGG1-Kappa D1.3 FV,Lysozyme,HL,C,true,true,False,False,charge_changing_v1
1vfb_0642,1VFB,1vfb_0642,1,antibody,-0.1,experimental,H:S28E@antibody,antibody-antigen,H:S28E,H:S28E@antibody,C_HL,IGG1-Kappa D1.3 FV,Lysozyme,HL,C,true,true,False,False,charge_changing_v1
1vfb_0643,1VFB,1vfb_0643,1,antibody,0.15,experimental,H:S28N@antibody,antibody-antigen,H:S28N,H:S28N@antibody,C_HL,IGG1-Kappa D1.3 FV,Lysozyme,HL,C,true,true,True,True,
1vfb_0644,1VFB,1vfb_0644,1,antibody,0.08,experimental,H:S28Q@antibody,antibody-antigen,H:S28Q,H:S28Q@antibody,C_HL,IGG1-Kappa D1.3 FV,Lysozyme,HL,C,true,true,True,True,
1vfb_0645,1VFB,1vfb_0645,1,antibody,0.9,experimental,H:W52A@antibody,antibody-antigen,H:W52A,H:W52A@antibody,C_HL,IGG1-Kappa D1.3 FV,Lysozyme,HL,C,true,true,True,True,
1vfb_0646,1VFB,1vfb_0646,1,antibody,4,experimental,H:Y101A@antibody,antibody-antigen,H:Y101A,H:Y101A@antibody,C_HL,IGG1-Kappa D1.3 FV,Lysozyme,HL,C,true,true,True,True,
1vfb_0647,1VFB,1vfb_0647,1,antibody,1.6,experimental,H:Y101F@antibody,antibody-antigen,H:Y101F,H:Y101F@antibody,C_HL,IGG1-Kappa D1.3 FV,Lysozyme,HL,C,true,true,True,True,
1vfb_0648,1VFB,1vfb_0648,1,antibody,1.1,experimental,H:Y32A@antibody,antibody-antigen,H:Y32A,H:Y32A@antibody,C_HL,IGG1-Kappa D1.3 FV,Lysozyme,HL,C,true,true,True,True,
1vfb_0649,1VFB,1vfb_0649,1,antibody,1.91,experimental,H:Y32E@antibody,antibody-antigen,H:Y32E,H:Y32E@antibody,C_HL,IGG1-Kappa D1.3 FV,Lysozyme,HL,C,true,true,False,False,charge_changing_v1
1vfb_0650,1VFB,1vfb_0650,1,antibody,8,experimental,L:L46D@antibody,antibody-antigen,L:L46D,L:L46D@antibody,C_HL,IGG1-Kappa D1.3 FV,Lysozyme,HL,C,true,true,False,False,charge_changing_v1
1vfb_0651,1VFB,1vfb_0651,1,antibody,8,experimental,L:L46E@antibody,antibody-antigen,L:L46E,L:L46E@antibody,C_HL,IGG1-Kappa D1.3 FV,Lysozyme,HL,C,true,true,False,False,charge_changing_v1
1vfb_0652,1VFB,1vfb_0652,1,antibody,0.17,experimental,L:N31W@antibody,antibody-antigen,L:N31W,L:N31W@antibody,C_HL,IGG1-Kappa D1.3 FV,Lysozyme,HL,C,true,true,True,True,
1vfb_0653,1VFB,1vfb_0653,1,antibody,0.47,experimental,L:T52F@antibody,antibody-antigen,L:T52F,L:T52F@antibody,C_HL,IGG1-Kappa D1.3 FV,Lysozyme,HL,C,true,true,True,True,
1vfb_0654,1VFB,1vfb_0654,1,antibody,1.67,experimental,L:T53R@antibody,antibody-antigen,L:T53R,L:T53R@antibody,C_HL,IGG1-Kappa D1.3 FV,Lysozyme,HL,C,true,true,False,False,charge_changing_v1
1vfb_0655,1VFB,1vfb_0655,1,antibody,3.3,experimental,L:W92A@antibody,antibody-antigen,L:W92A,L:W92A@antibody,C_HL,IGG1-Kappa D1.3 FV,Lysozyme,HL,C,true,true,True,True,
1vfb_0656,1VFB,1vfb_0656,1,antibody,1.7,experimental,L:Y32A@antibody,antibody-antigen,L:Y32A,L:Y32A@antibody,C_HL,IGG1-Kappa D1.3 FV,Lysozyme,HL,C,true,true,True,True,
1vfb_0657,1VFB,1vfb_0657,1,antibody,8,experimental,L:Y32W@antibody,antibody-antigen,L:Y32W,L:Y32W@antibody,C_HL,IGG1-Kappa D1.3 FV,Lysozyme,HL,C,true,true,True,True,
1vfb_0658,1VFB,1vfb_0658,1,antibody,0.5,experimental,L:Y50A@antibody,antibody-antigen,L:Y50A,L:Y50A@antibody,C_HL,IGG1-Kappa D1.3 FV,Lysozyme,HL,C,true,true,True,True,
1vfb_0659,1VFB,1vfb_0659,1,antibody,1.67,experimental,L:Y50K@antibody,antibody-antigen,L:Y50K,L:Y50K@antibody,C_HL,IGG1-Kappa D1.3 FV,Lysozyme,HL,C,true,true,False,False,charge_changing_v1
1vfb_0660,1VFB,1vfb_0660,1,antibody,0.85,experimental,L:Y50R@antibody,antibody-antigen,L:Y50R,L:Y50R@antibody,C_HL,IGG1-Kappa D1.3 FV,Lysozyme,HL,C,true,true,False,False,charge_changing_v1
1yy9_0661,1YY9,1yy9_0661,3,antibody,-1.33,experimental,L:S26D@antibody;L:T31E@antibody;L:N93A@antibody,antibody-antigen,"L:S26D,L:T31E,L:N93A",L:S26D@antibody;L:T31E@antibody;L:N93A@antibody,A_HL,EGFR,Cetuximab,HL,A,true,true,False,False,unsupported_mutation_count
1yy9_0662,1YY9,1yy9_0662,5,antibody,-0.65,experimental,L:S26D@antibody;L:T31E@antibody;L:N93A@antibody;H:N56A@antibody;H:T61E@antibody,antibody-antigen,"L:S26D,L:T31E,L:N93A,H:N56A,H:T61E",L:S26D@antibody;L:T31E@antibody;L:N93A@antibody;H:N56A@antibody;H:T61E@antibody,A_HL,EGFR,Cetuximab,HL,A,true,true,False,False,unsupported_mutation_count
1yy9_0663,1YY9,1yy9_0663,2,antibody,-0.82,experimental,L:T31E@antibody__L:N93A@antibody,antibody-antigen,"L:T31E,L:N93A",L:T31E@antibody;L:N93A@antibody,A_HL,EGFR,Cetuximab,HL,A,true,true,False,False,charge_changing_v2
1yy9_0664,1YY9,1yy9_0664,1,antibody,-0.06,experimental,H:N56A@antibody,antibody-antigen,H:N56A,H:N56A@antibody,A_HL,EGFR,Cetuximab,HL,A,true,true,True,True,
1yy9_0665,1YY9,1yy9_0665,1,antibody,-0.06,experimental,H:T61E@antibody,antibody-antigen,H:T61E,H:T61E@antibody,A_HL,EGFR,Cetuximab,HL,A,true,true,False,False,charge_changing_v1
1yy9_0666,1YY9,1yy9_0666,1,antibody,-0.74,experimental,L:N93A@antibody,antibody-antigen,L:N93A,L:N93A@antibody,A_HL,EGFR,Cetuximab,HL,A,true,true,True,True,
1yy9_0667,1YY9,1yy9_0667,1,antibody,-0.2,experimental,L:S26D@antibody,antibody-antigen,L:S26D,L:S26D@antibody,A_HL,EGFR,Cetuximab,HL,A,true,true,False,False,charge_changing_v1
1yy9_0668,1YY9,1yy9_0668,1,antibody,-0.52,experimental,L:T31E@antibody,antibody-antigen,L:T31E,L:T31E@antibody,A_HL,EGFR,Cetuximab,HL,A,true,true,False,False,charge_changing_v1
2jel_0669,2JEL,2jel_0669,1,antigen,0,experimental,P:A82S@antigen,antibody-antigen,P:A82S,P:A82S@antigen,HL_P,Jel42 antibody,HPr,HL,P,true,true,True,True,
2jel_0670,2JEL,2jel_0670,1,antigen,0.96,experimental,P:D69E@antigen,antibody-antigen,P:D69E,P:D69E@antigen,HL_P,Jel42 antibody,HPr,HL,P,true,true,True,True,
2jel_0671,2JEL,2jel_0671,1,antigen,0.41,experimental,P:E5D@antigen,antibody-antigen,P:E5D,P:E5D@antigen,HL_P,Jel42 antibody,HPr,HL,P,true,true,True,True,
2jel_0672,2JEL,2jel_0672,1,antigen,0.72,experimental,P:E5Q@antigen,antibody-antigen,P:E5Q,P:E5Q@antigen,HL_P,Jel42 antibody,HPr,HL,P,true,true,False,False,charge_changing_v1
2jel_0673,2JEL,2jel_0673,1,antigen,4.13,experimental,P:E66K@antigen,antibody-antigen,P:E66K,P:E66K@antigen,HL_P,Jel42 antibody,HPr,HL,P,true,true,False,False,charge_changing_v1
2jel_0674,2JEL,2jel_0674,1,antigen,0.41,experimental,P:E68A@antigen,antibody-antigen,P:E68A,P:E68A@antigen,HL_P,Jel42 antibody,HPr,HL,P,true,true,False,False,charge_changing_v1
2jel_0675,2JEL,2jel_0675,1,antigen,2.75,experimental,P:E70A@antigen,antibody-antigen,P:E70A,P:E70A@antigen,HL_P,Jel42 antibody,HPr,HL,P,true,true,False,False,charge_changing_v1
2jel_0676,2JEL,2jel_0676,1,antigen,4.13,experimental,P:E70K@antigen,antibody-antigen,P:E70K,P:E70K@antigen,HL_P,Jel42 antibody,HPr,HL,P,true,true,False,False,charge_changing_v1
2jel_0677,2JEL,2jel_0677,1,antigen,2.75,experimental,P:E75R@antigen,antibody-antigen,P:E75R,P:E75R@antigen,HL_P,Jel42 antibody,HPr,HL,P,true,true,False,False,charge_changing_v1
2jel_0678,2JEL,2jel_0678,1,antigen,0,experimental,P:E83A@antigen,antibody-antigen,P:E83A,P:E83A@antigen,HL_P,Jel42 antibody,HPr,HL,P,true,true,False,False,charge_changing_v1
2jel_0679,2JEL,2jel_0679,1,antigen,0,experimental,P:E85A@antigen,antibody-antigen,P:E85A,P:E85A@antigen,HL_P,Jel42 antibody,HPr,HL,P,true,true,False,False,charge_changing_v1
2jel_0680,2JEL,2jel_0680,1,antigen,0,experimental,P:E85D@antigen,antibody-antigen,P:E85D,P:E85D@antigen,HL_P,Jel42 antibody,HPr,HL,P,true,true,True,True,
2jel_0681,2JEL,2jel_0681,1,antigen,0,experimental,P:E85K@antigen,antibody-antigen,P:E85K,P:E85K@antigen,HL_P,Jel42 antibody,HPr,HL,P,true,true,False,False,charge_changing_v1
2jel_0682,2JEL,2jel_0682,1,antigen,0,experimental,P:E85Q@antigen,antibody-antigen,P:E85Q,P:E85Q@antigen,HL_P,Jel42 antibody,HPr,HL,P,true,true,False,False,charge_changing_v1
2jel_0683,2JEL,2jel_0683,1,antigen,2.64,experimental,P:F2W@antigen,antibody-antigen,P:F2W,P:F2W@antigen,HL_P,Jel42 antibody,HPr,HL,P,true,true,True,True,
2jel_0684,2JEL,2jel_0684,1,antigen,0,experimental,P:F2Y@antigen,antibody-antigen,P:F2Y,P:F2Y@antigen,HL_P,Jel42 antibody,HPr,HL,P,true,true,True,True,
2jel_0685,2JEL,2jel_0685,1,antigen,-0.41,experimental,P:H76A@antigen,antibody-antigen,P:H76A,P:H76A@antigen,HL_P,Jel42 antibody,HPr,HL,P,true,true,True,True,
2jel_0686,2JEL,2jel_0686,1,antigen,-0.66,experimental,P:H76D@antigen,antibody-antigen,P:H76D,P:H76D@antigen,HL_P,Jel42 antibody,HPr,HL,P,true,true,False,False,charge_changing_v1
2jel_0687,2JEL,2jel_0687,1,antigen,0,experimental,P:K24E@antigen,antibody-antigen,P:K24E,P:K24E@antigen,HL_P,Jel42 antibody,HPr,HL,P,true,true,False,False,charge_changing_v1
2jel_0688,2JEL,2jel_0688,1,antigen,0,experimental,P:K27E@antigen,antibody-antigen,P:K27E,P:K27E@antigen,HL_P,Jel42 antibody,HPr,HL,P,true,true,False,False,charge_changing_v1
2jel_0689,2JEL,2jel_0689,1,antigen,0.41,experimental,P:K72E@antigen,antibody-antigen,P:K72E,P:K72E@antigen,HL_P,Jel42 antibody,HPr,HL,P,true,true,False,False,charge_changing_v1
2jel_0690,2JEL,2jel_0690,1,antigen,0,experimental,P:K72R@antigen,antibody-antigen,P:K72R,P:K72R@antigen,HL_P,Jel42 antibody,HPr,HL,P,true,true,True,True,
2jel_0691,2JEL,2jel_0691,1,antigen,0.41,experimental,P:K79E@antigen,antibody-antigen,P:K79E,P:K79E@antigen,HL_P,Jel42 antibody,HPr,HL,P,true,true,False,False,charge_changing_v1
2jel_0692,2JEL,2jel_0692,1,antigen,0,experimental,P:N12D@antigen,antibody-antigen,P:N12D,P:N12D@antigen,HL_P,Jel42 antibody,HPr,HL,P,true,true,False,False,charge_changing_v1
2jel_0693,2JEL,2jel_0693,1,antigen,0,experimental,P:N38T@antigen,antibody-antigen,P:N38T,P:N38T@antigen,HL_P,Jel42 antibody,HPr,HL,P,true,true,True,True,
2jel_0694,2JEL,2jel_0694,1,antigen,0,experimental,P:P11E@antigen,antibody-antigen,P:P11E,P:P11E@antigen,HL_P,Jel42 antibody,HPr,HL,P,true,true,False,False,charge_changing_v1
2jel_0695,2JEL,2jel_0695,1,antigen,4.13,experimental,P:Q3K@antigen,antibody-antigen,P:Q3K,P:Q3K@antigen,HL_P,Jel42 antibody,HPr,HL,P,true,true,False,False,charge_changing_v1
2jel_0696,2JEL,2jel_0696,1,antigen,1.38,experimental,P:Q4K@antigen,antibody-antigen,P:Q4K,P:Q4K@antigen,HL_P,Jel42 antibody,HPr,HL,P,true,true,False,False,charge_changing_v1
2jel_0697,2JEL,2jel_0697,1,antigen,-0.41,experimental,P:Q57E@antigen,antibody-antigen,P:Q57E,P:Q57E@antigen,HL_P,Jel42 antibody,HPr,HL,P,true,true,False,False,charge_changing_v1
2jel_0698,2JEL,2jel_0698,1,antigen,2.75,experimental,P:Q71E@antigen,antibody-antigen,P:Q71E,P:Q71E@antigen,HL_P,Jel42 antibody,HPr,HL,P,true,true,False,False,charge_changing_v1
2jel_0699,2JEL,2jel_0699,1,antigen,0,experimental,P:R17G@antigen,antibody-antigen,P:R17G,P:R17G@antigen,HL_P,Jel42 antibody,HPr,HL,P,true,true,False,False,charge_changing_v1
2jel_0700,2JEL,2jel_0700,1,antigen,0,experimental,P:R17K@antigen,antibody-antigen,P:R17K,P:R17K@antigen,HL_P,Jel42 antibody,HPr,HL,P,true,true,True,True,
2jel_0701,2JEL,2jel_0701,1,antigen,1.51,experimental,P:S41C@antigen,antibody-antigen,P:S41C,P:S41C@antigen,HL_P,Jel42 antibody,HPr,HL,P,true,true,True,True,
2jel_0702,2JEL,2jel_0702,1,antigen,0,experimental,P:S43C@antigen,antibody-antigen,P:S43C,P:S43C@antigen,HL_P,Jel42 antibody,HPr,HL,P,true,true,True,True,
2jel_0703,2JEL,2jel_0703,1,antigen,0,experimental,P:S46C@antigen,antibody-antigen,P:S46C,P:S46C@antigen,HL_P,Jel42 antibody,HPr,HL,P,true,true,True,True,
2jel_0704,2JEL,2jel_0704,1,antigen,4.13,experimental,P:S64T@antigen,antibody-antigen,P:S64T,P:S64T@antigen,HL_P,Jel42 antibody,HPr,HL,P,true,true,True,True,
2jel_0705,2JEL,2jel_0705,1,antigen,0,experimental,P:T34Q@antigen,antibody-antigen,P:T34Q,P:T34Q@antigen,HL_P,Jel42 antibody,HPr,HL,P,true,true,True,True,
2jel_0706,2JEL,2jel_0706,1,antigen,0.41,experimental,P:T36Q@antigen,antibody-antigen,P:T36Q,P:T36Q@antigen,HL_P,Jel42 antibody,HPr,HL,P,true,true,True,True,
2jel_0707,2JEL,2jel_0707,1,antigen,0,experimental,P:T62A@antigen,antibody-antigen,P:T62A,P:T62A@antigen,HL_P,Jel42 antibody,HPr,HL,P,true,true,True,True,
2jel_0708,2JEL,2jel_0708,1,antigen,0,experimental,P:T62N@antigen,antibody-antigen,P:T62N,P:T62N@antigen,HL_P,Jel42 antibody,HPr,HL,P,true,true,True,True,
2jel_0709,2JEL,2jel_0709,1,antigen,0.41,experimental,P:T7N@antigen,antibody-antigen,P:T7N,P:T7N@antigen,HL_P,Jel42 antibody,HPr,HL,P,true,true,True,True,
2jel_0710,2JEL,2jel_0710,1,antigen,0,experimental,P:T7S@antigen,antibody-antigen,P:T7S,P:T7S@antigen,HL_P,Jel42 antibody,HPr,HL,P,true,true,True,True,
2jel_0711,2JEL,2jel_0711,1,antigen,0,experimental,P:V6F@antigen,antibody-antigen,P:V6F,P:V6F@antigen,HL_P,Jel42 antibody,HPr,HL,P,true,true,True,True,
2ny7_0712,2NY7,2ny7_0712,3,antibody,-0.69,experimental,H:N31H@antibody;H:V33T@antibody;H:I34L@antibody,antibody-antigen,"H:N31H,H:V33T,H:I34L",H:N31H@antibody;H:V33T@antibody;H:I34L@antibody,G_HL,HIV-1 gp120,b12 Ab,HL,G,true,true,False,False,unsupported_mutation_count
2ny7_0713,2NY7,2ny7_0713,3,antibody,-0.81,experimental,H:N31H@antibody;H:V33T@antibody;H:I34V@antibody,antibody-antigen,"H:N31H,H:V33T,H:I34V",H:N31H@antibody;H:V33T@antibody;H:I34V@antibody,G_HL,HIV-1 gp120,b12 Ab,HL,G,true,true,False,False,unsupported_mutation_count
2ny7_0714,2NY7,2ny7_0714,3,antibody,-1.23,experimental,H:P97E@antibody;H:Y98W@antibody;H:S99G@antibody,antibody-antigen,"H:P97E,H:Y98W,H:S99G",H:P97E@antibody;H:Y98W@antibody;H:S99G@antibody,G_HL,HIV-1 gp120,b12 Ab,HL,G,true,true,False,False,unsupported_mutation_count
2ny7_0715,2NY7,2ny7_0715,8,antibody,-0.74,experimental,H:P97E@antibody;H:Y98W@antibody;H:S99G@antibody;H:D100AD@antibody;H:D100BQ@antibody;H:S100CR@antibody;H:P100DR@antibody;H:Q100EY@antibody,antibody-antigen,"H:P97E,H:Y98W,H:S99G,H:D100aD,H:D100bQ,H:S100cR,H:P100dR,H:Q100eY",H:P97E@antibody;H:Y98W@antibody;H:S99G@antibody;H:D100AD@antibody;H:D100BQ@antibody;H:S100CR@antibody;H:P100DR@antibody;H:Q100EY@antibody,G_HL,HIV-1 gp120,b12 Ab,HL,G,true,true,False,False,unsupported_mutation_count
2ny7_0716,2NY7,2ny7_0716,8,antibody,-2.26,experimental,H:P97E@antibody;H:Y98W@antibody;H:S99G@antibody;H:D100AD@antibody;H:D100BQ@antibody;H:S100CV@antibody;H:P100DR@antibody;H:Q100EY@antibody,antibody-antigen,"H:P97E,H:Y98W,H:S99G,H:D100aD,H:D100bQ,H:S100cV,H:P100dR,H:Q100eY",H:P97E@antibody;H:Y98W@antibody;H:S99G@antibody;H:D100AD@antibody;H:D100BQ@antibody;H:S100CV@antibody;H:P100DR@antibody;H:Q100EY@antibody,G_HL,HIV-1 gp120,b12 Ab,HL,G,true,true,False,False,unsupported_mutation_count
2ny7_0717,2NY7,2ny7_0717,8,antibody,-2.46,experimental,H:P97E@antibody;H:Y98W@antibody;H:S99G@antibody;H:D100AE@antibody;H:D100BM@antibody;H:S100CF@antibody;H:P100DR@antibody;H:Q100EY@antibody,antibody-antigen,"H:P97E,H:Y98W,H:S99G,H:D100aE,H:D100bM,H:S100cF,H:P100dR,H:Q100eY",H:P97E@antibody;H:Y98W@antibody;H:S99G@antibody;H:D100AE@antibody;H:D100BM@antibody;H:S100CF@antibody;H:P100DR@antibody;H:Q100EY@antibody,G_HL,HIV-1 gp120,b12 Ab,HL,G,true,true,False,False,unsupported_mutation_count
2ny7_0718,2NY7,2ny7_0718,8,antibody,-2.3,experimental,H:P97E@antibody;H:Y98W@antibody;H:S99G@antibody;H:D100AE@antibody;H:D100BM@antibody;H:S100CR@antibody;H:P100DR@antibody;H:Q100EF@antibody,antibody-antigen,"H:P97E,H:Y98W,H:S99G,H:D100aE,H:D100bM,H:S100cR,H:P100dR,H:Q100eF",H:P97E@antibody;H:Y98W@antibody;H:S99G@antibody;H:D100AE@antibody;H:D100BM@antibody;H:S100CR@antibody;H:P100DR@antibody;H:Q100EF@antibody,G_HL,HIV-1 gp120,b12 Ab,HL,G,true,true,False,False,unsupported_mutation_count
2ny7_0719,2NY7,2ny7_0719,8,antibody,-1.61,experimental,H:P97E@antibody;H:Y98W@antibody;H:S99G@antibody;H:D100AE@antibody;H:D100BQ@antibody;H:S100CF@antibody;H:P100DR@antibody;H:Q100EF@antibody,antibody-antigen,"H:P97E,H:Y98W,H:S99G,H:D100aE,H:D100bQ,H:S100cF,H:P100dR,H:Q100eF",H:P97E@antibody;H:Y98W@antibody;H:S99G@antibody;H:D100AE@antibody;H:D100BQ@antibody;H:S100CF@antibody;H:P100DR@antibody;H:Q100EF@antibody,G_HL,HIV-1 gp120,b12 Ab,HL,G,true,true,False,False,unsupported_mutation_count
2ny7_0720,2NY7,2ny7_0720,8,antibody,-2.27,experimental,H:P97E@antibody;H:Y98W@antibody;H:S99G@antibody;H:D100AH@antibody;H:D100BQ@antibody;H:S100CR@antibody;H:P100DR@antibody;H:Q100EY@antibody,antibody-antigen,"H:P97E,H:Y98W,H:S99G,H:D100aH,H:D100bQ,H:S100cR,H:P100dR,H:Q100eY",H:P97E@antibody;H:Y98W@antibody;H:S99G@antibody;H:D100AH@antibody;H:D100BQ@antibody;H:S100CR@antibody;H:P100DR@antibody;H:Q100EY@antibody,G_HL,HIV-1 gp120,b12 Ab,HL,G,true,true,False,False,unsupported_mutation_count
2ny7_0721,2NY7,2ny7_0721,8,antibody,-2.12,experimental,H:P97E@antibody;H:Y98W@antibody;H:S99G@antibody;H:D100AT@antibody;H:D100BQ@antibody;H:S100CR@antibody;H:P100DR@antibody;H:Q100EF@antibody,antibody-antigen,"H:P97E,H:Y98W,H:S99G,H:D100aT,H:D100bQ,H:S100cR,H:P100dR,H:Q100eF",H:P97E@antibody;H:Y98W@antibody;H:S99G@antibody;H:D100AT@antibody;H:D100BQ@antibody;H:S100CR@antibody;H:P100DR@antibody;H:Q100EF@antibody,G_HL,HIV-1 gp120,b12 Ab,HL,G,true,true,False,False,unsupported_mutation_count
2ny7_0722,2NY7,2ny7_0722,2,antibody,-0.57,experimental,H:V33T@antibody__H:H35M@antibody,antibody-antigen,"H:V33T,H:H35M",H:V33T@antibody;H:H35M@antibody,G_HL,HIV-1 gp120,b12 Ab,HL,G,true,true,False,True,
2ny7_0723,2NY7,2ny7_0723,2,antibody,-1.25,experimental,H:V33T@antibody__H:I34V@antibody,antibody-antigen,"H:V33T,H:I34V",H:V33T@antibody;H:I34V@antibody,G_HL,HIV-1 gp120,b12 Ab,HL,G,true,true,False,True,
2ny7_0724,2NY7,2ny7_0724,2,antibody,-0.38,experimental,L:A93G@antibody__L:S95A@antibody,antibody-antigen,"L:A93G,L:S95A",L:A93G@antibody;L:S95A@antibody,G_HL,HIV-1 gp120,b12 Ab,HL,G,true,true,False,True,
2ny7_0725,2NY7,2ny7_0725,2,antibody,-1.47,experimental,L:A93W@antibody__L:S95Q@antibody,antibody-antigen,"L:A93W,L:S95Q",L:A93W@antibody;L:S95Q@antibody,G_HL,HIV-1 gp120,b12 Ab,HL,G,true,true,False,True,
2ny7_0726,2NY7,2ny7_0726,4,antibody,-0.16,experimental,L:S28K@antibody;L:I28AE@antibody;L:R29F@antibody;L:S30G@antibody,antibody-antigen,"L:S28K,L:I28aE,L:R29F,L:S30G",L:S28K@antibody;L:I28AE@antibody;L:R29F@antibody;L:S30G@antibody,G_HL,HIV-1 gp120,b12 Ab,HL,G,true,true,False,False,unsupported_mutation_count
2ny7_0727,2NY7,2ny7_0727,5,antibody,-1.3,experimental,L:S28P@antibody;L:I28AL@antibody;L:R29H@antibody;L:S30R@antibody;L:R31A@antibody,antibody-antigen,"L:S28P,L:I28aL,L:R29H,L:S30R,L:R31A",L:S28P@antibody;L:I28AL@antibody;L:R29H@antibody;L:S30R@antibody;L:R31A@antibody,G_HL,HIV-1 gp120,b12 Ab,HL,G,true,true,False,False,unsupported_mutation_count
2ny7_0728,2NY7,2ny7_0728,5,antibody,-2,experimental,L:S28Q@antibody;L:I28AL@antibody;L:R29D@antibody;L:S30G@antibody;L:R31S@antibody,antibody-antigen,"L:S28Q,L:I28aL,L:R29D,L:S30G,L:R31S",L:S28Q@antibody;L:I28AL@antibody;L:R29D@antibody;L:S30G@antibody;L:R31S@antibody,G_HL,HIV-1 gp120,b12 Ab,HL,G,true,true,False,False,unsupported_mutation_count
2ny7_0729,2NY7,2ny7_0729,5,antibody,-1.03,experimental,L:S28T@antibody;L:I28AV@antibody;L:R29Y@antibody;L:S30R@antibody;L:R31D@antibody,antibody-antigen,"L:S28T,L:I28aV,L:R29Y,L:S30R,L:R31D",L:S28T@antibody;L:I28AV@antibody;L:R29Y@antibody;L:S30R@antibody;L:R31D@antibody,G_HL,HIV-1 gp120,b12 Ab,HL,G,true,true,False,False,unsupported_mutation_count
2ny7_0730,2NY7,2ny7_0730,3,antibody,-2,experimental,L:V90K@antibody;L:A93D@antibody;L:S95F@antibody,antibody-antigen,"L:V90K,L:A93D,L:S95F",L:V90K@antibody;L:A93D@antibody;L:S95F@antibody,G_HL,HIV-1 gp120,b12 Ab,HL,G,true,true,False,False,unsupported_mutation_count
2ny7_0731,2NY7,2ny7_0731,4,antibody,-1.93,experimental,L:V90K@antibody;L:A93G@antibody;L:S94G@antibody;L:S95T@antibody,antibody-antigen,"L:V90K,L:A93G,L:S94G,L:S95T",L:V90K@antibody;L:A93G@antibody;L:S94G@antibody;L:S95T@antibody,G_HL,HIV-1 gp120,b12 Ab,HL,G,true,true,False,False,unsupported_mutation_count
2ny7_0732,2NY7,2ny7_0732,4,antibody,-1.61,experimental,L:V90L@antibody;L:A93R@antibody;L:S94G@antibody;L:S95N@antibody,antibody-antigen,"L:V90L,L:A93R,L:S94G,L:S95N",L:V90L@antibody;L:A93R@antibody;L:S94G@antibody;L:S95N@antibody,G_HL,HIV-1 gp120,b12 Ab,HL,G,true,true,False,False,unsupported_mutation_count
2ny7_0733,2NY7,2ny7_0733,4,antibody,-1.36,experimental,L:V90M@antibody;L:A93G@antibody;L:S94F@antibody;L:S95T@antibody,antibody-antigen,"L:V90M,L:A93G,L:S94F,L:S95T",L:V90M@antibody;L:A93G@antibody;L:S94F@antibody;L:S95T@antibody,G_HL,HIV-1 gp120,b12 Ab,HL,G,true,true,False,False,unsupported_mutation_count
2ny7_0734,2NY7,2ny7_0734,4,antibody,-0.24,experimental,L:V90M@antibody;L:A93G@antibody;L:S94R@antibody;L:S95D@antibody,antibody-antigen,"L:V90M,L:A93G,L:S94R,L:S95D",L:V90M@antibody;L:A93G@antibody;L:S94R@antibody;L:S95D@antibody,G_HL,HIV-1 gp120,b12 Ab,HL,G,true,true,False,False,unsupported_mutation_count
2ny7_0735,2NY7,2ny7_0735,3,antibody,-1.61,experimental,L:V90Q@antibody;L:A93D@antibody;L:S95L@antibody,antibody-antigen,"L:V90Q,L:A93D,L:S95L",L:V90Q@antibody;L:A93D@antibody;L:S95L@antibody,G_HL,HIV-1 gp120,b12 Ab,HL,G,true,true,False,False,unsupported_mutation_count
2ny7_0736,2NY7,2ny7_0736,4,antibody,-2.27,experimental,L:V90Q@antibody;L:A93W@antibody;L:S94P@antibody;L:S95F@antibody,antibody-antigen,"L:V90Q,L:A93W,L:S94P,L:S95F",L:V90Q@antibody;L:A93W@antibody;L:S94P@antibody;L:S95F@antibody,G_HL,HIV-1 gp120,b12 Ab,HL,G,true,true,False,False,unsupported_mutation_count
2ny7_0737,2NY7,2ny7_0737,4,antibody,-1.52,experimental,L:V90S@antibody;L:A93G@antibody;L:S94R@antibody;L:S95D@antibody,antibody-antigen,"L:V90S,L:A93G,L:S94R,L:S95D",L:V90S@antibody;L:A93G@antibody;L:S94R@antibody;L:S95D@antibody,G_HL,HIV-1 gp120,b12 Ab,HL,G,true,true,False,False,unsupported_mutation_count
2ny7_0738,2NY7,2ny7_0738,3,antibody,-2.65,experimental,L:V90T@antibody;L:A93R@antibody;L:S94G@antibody,antibody-antigen,"L:V90T,L:A93R,L:S94G",L:V90T@antibody;L:A93R@antibody;L:S94G@antibody,G_HL,HIV-1 gp120,b12 Ab,HL,G,true,true,False,False,unsupported_mutation_count
2ny7_0739,2NY7,2ny7_0739,4,antibody,-2.71,experimental,L:V90T@antibody;L:A93R@antibody;L:S94G@antibody;L:S95H@antibody,antibody-antigen,"L:V90T,L:A93R,L:S94G,L:S95H",L:V90T@antibody;L:A93R@antibody;L:S94G@antibody;L:S95H@antibody,G_HL,HIV-1 gp120,b12 Ab,HL,G,true,true,False,False,unsupported_mutation_count
2ny7_0740,2NY7,2ny7_0740,4,antibody,-2.31,experimental,L:V90T@antibody;L:A93R@antibody;L:S94G@antibody;L:S95I@antibody,antibody-antigen,"L:V90T,L:A93R,L:S94G,L:S95I",L:V90T@antibody;L:A93R@antibody;L:S94G@antibody;L:S95I@antibody,G_HL,HIV-1 gp120,b12 Ab,HL,G,true,true,False,False,unsupported_mutation_count
2ny7_0741,2NY7,2ny7_0741,4,antibody,-0.98,experimental,L:V90T@antibody;L:A93R@antibody;L:S94G@antibody;L:S95V@antibody,antibody-antigen,"L:V90T,L:A93R,L:S94G,L:S95V",L:V90T@antibody;L:A93R@antibody;L:S94G@antibody;L:S95V@antibody,G_HL,HIV-1 gp120,b12 Ab,HL,G,true,true,False,False,unsupported_mutation_count
2ny7_0742,2NY7,2ny7_0742,3,antibody,-1.56,experimental,L:V90T@antibody;L:A93W@antibody;L:S95G@antibody,antibody-antigen,"L:V90T,L:A93W,L:S95G",L:V90T@antibody;L:A93W@antibody;L:S95G@antibody,G_HL,HIV-1 gp120,b12 Ab,HL,G,true,true,False,False,unsupported_mutation_count
2nyy_0743,2NYY,2nyy_0743,1,antigen,0.01,experimental,A:D1058A@antigen,antibody-antigen,A:D1058A,A:D1058A@antigen,A_HL,Bont/A1,mAb CR1,HL,A,true,true,False,False,charge_changing_v1
2nyy_0744,2NYY,2nyy_0744,1,antigen,2.53,experimental,A:D1062A@antigen,antibody-antigen,A:D1062A,A:D1062A@antigen,A_HL,Bont/A1,mAb CR1,HL,A,true,true,False,False,charge_changing_v1
2nyy_0745,2NYY,2nyy_0745,1,antigen,2.84,experimental,A:E920A@antigen,antibody-antigen,A:E920A,A:E920A@antigen,A_HL,Bont/A1,mAb CR1,HL,A,true,true,False,False,charge_changing_v1
2nyy_0746,2NYY,2nyy_0746,1,antigen,0.42,experimental,A:F917A@antigen,antibody-antigen,A:F917A,A:F917A@antigen,A_HL,Bont/A1,mAb CR1,HL,A,true,true,True,True,
2nyy_0747,2NYY,2nyy_0747,1,antigen,4.06,experimental,A:F953A@antigen,antibody-antigen,A:F953A,A:F953A@antigen,A_HL,Bont/A1,mAb CR1,HL,A,true,true,True,True,
2nyy_0748,2NYY,2nyy_0748,1,antigen,7.32,experimental,A:H1064A@antigen,antibody-antigen,A:H1064A,A:H1064A@antigen,A_HL,Bont/A1,mAb CR1,HL,A,true,true,True,True,
2nyy_0749,2NYY,2nyy_0749,1,antigen,-0.01,experimental,A:I956A@antigen,antibody-antigen,A:I956A,A:I956A@antigen,A_HL,Bont/A1,mAb CR1,HL,A,true,true,True,True,
2nyy_0750,2NYY,2nyy_0750,1,antigen,-0.03,experimental,A:K1056A@antigen,antibody-antigen,A:K1056A,A:K1056A@antigen,A_HL,Bont/A1,mAb CR1,HL,A,true,true,False,False,charge_changing_v1
2nyy_0751,2NYY,2nyy_0751,1,antigen,0.29,experimental,A:K903A@antigen,antibody-antigen,A:K903A,A:K903A@antigen,A_HL,Bont/A1,mAb CR1,HL,A,true,true,False,False,charge_changing_v1
2nyy_0752,2NYY,2nyy_0752,1,antigen,-0.14,experimental,A:K923A@antigen,antibody-antigen,A:K923A,A:K923A@antigen,A_HL,Bont/A1,mAb CR1,HL,A,true,true,False,False,charge_changing_v1
2nyy_0753,2NYY,2nyy_0753,1,antigen,2.59,experimental,A:L919A@antigen,antibody-antigen,A:L919A,A:L919A@antigen,A_HL,Bont/A1,mAb CR1,HL,A,true,true,True,True,
2nyy_0754,2NYY,2nyy_0754,1,antigen,0.89,experimental,A:N918A@antigen,antibody-antigen,A:N918A,A:N918A@antigen,A_HL,Bont/A1,mAb CR1,HL,A,true,true,True,True,
2nyy_0755,2NYY,2nyy_0755,1,antigen,0.1,experimental,A:N954A@antigen,antibody-antigen,A:N954A,A:N954A@antigen,A_HL,Bont/A1,mAb CR1,HL,A,true,true,True,True,
2nyy_0756,2NYY,2nyy_0756,1,antigen,0.52,experimental,A:Q915A@antigen,antibody-antigen,A:Q915A,A:Q915A@antigen,A_HL,Bont/A1,mAb CR1,HL,A,true,true,True,True,
2nyy_0757,2NYY,2nyy_0757,1,antigen,0.82,experimental,A:R1061A@antigen,antibody-antigen,A:R1061A,A:R1061A@antigen,A_HL,Bont/A1,mAb CR1,HL,A,true,true,False,False,charge_changing_v1
2nyy_0758,2NYY,2nyy_0758,1,antigen,0.3,experimental,A:R1294A@antigen,antibody-antigen,A:R1294A,A:R1294A@antigen,A_HL,Bont/A1,mAb CR1,HL,A,true,true,False,False,charge_changing_v1
2nyy_0759,2NYY,2nyy_0759,1,antigen,-0.23,experimental,A:S902A@antigen,antibody-antigen,A:S902A,A:S902A@antigen,A_HL,Bont/A1,mAb CR1,HL,A,true,true,True,True,
2nyy_0760,2NYY,2nyy_0760,1,antigen,0,experimental,A:S955A@antigen,antibody-antigen,A:S955A,A:S955A@antigen,A_HL,Bont/A1,mAb CR1,HL,A,true,true,True,True,
2nyy_0761,2NYY,2nyy_0761,1,antigen,1.62,experimental,A:T1063A@antigen,antibody-antigen,A:T1063A,A:T1063A@antigen,A_HL,Bont/A1,mAb CR1,HL,A,true,true,True,True,
2nyy_0762,2NYY,2nyy_0762,1,antibody,0.07,experimental,H:K30R@antibody,antibody-antigen,H:K30R,H:K30R@antibody,A_HL,Bont/A1,mAb CR1,HL,A,true,true,True,True,
2nyy_0763,2NYY,2nyy_0763,1,antibody,-0.06,experimental,H:M34Q@antibody,antibody-antigen,H:M34Q,H:M34Q@antibody,A_HL,Bont/A1,mAb CR1,HL,A,true,true,True,True,
2nyy_0764,2NYY,2nyy_0764,1,antibody,0.07,experimental,H:Y31D@antibody,antibody-antigen,H:Y31D,H:Y31D@antibody,A_HL,Bont/A1,mAb CR1,HL,A,true,true,False,False,charge_changing_v1
2nyy_0765,2NYY,2nyy_0765,1,antibody,0.13,experimental,H:Y31Q@antibody,antibody-antigen,H:Y31Q,H:Y31Q@antibody,A_HL,Bont/A1,mAb CR1,HL,A,true,true,True,True,
2nyy_0766,2NYY,2nyy_0766,1,antibody,0.52,experimental,H:Y57Q@antibody,antibody-antigen,H:Y57Q,H:Y57Q@antibody,A_HL,Bont/A1,mAb CR1,HL,A,true,true,True,True,
2nyy_0767,2NYY,2nyy_0767,1,antibody,0.65,experimental,L:D30Y@antibody,antibody-antigen,L:D30Y,L:D30Y@antibody,A_HL,Bont/A1,mAb CR1,HL,A,true,true,False,False,charge_changing_v1
2nyy_0768,2NYY,2nyy_0768,1,antibody,0.1,experimental,L:H34R@antibody,antibody-antigen,L:H34R,L:H34R@antibody,A_HL,Bont/A1,mAb CR1,HL,A,true,true,False,False,charge_changing_v1
2nyy_0769,2NYY,2nyy_0769,1,antibody,0.42,experimental,L:S28Q@antibody,antibody-antigen,L:S28Q,L:S28Q@antibody,A_HL,Bont/A1,mAb CR1,HL,A,true,true,True,True,
2nyy_0770,2NYY,2nyy_0770,1,antibody,-0.36,experimental,L:S31N@antibody,antibody-antigen,L:S31N,L:S31N@antibody,A_HL,Bont/A1,mAb CR1,HL,A,true,true,True,True,
2nz9_0771,2NZ9,2nz9_0771,1,antigen,-0.03,experimental,A:D1058A@antigen,antibody-antigen,A:D1058A,A:D1058A@antigen,A_HL,Bont/A1,mAb AR2,HL,A,true,true,False,False,charge_changing_v1
2nz9_0772,2NZ9,2nz9_0772,1,antigen,2.34,experimental,A:D1062A@antigen,antibody-antigen,A:D1062A,A:D1062A@antigen,A_HL,Bont/A1,mAb AR2,HL,A,true,true,False,False,charge_changing_v1
2nz9_0773,2NZ9,2nz9_0773,1,antigen,2.77,experimental,A:E920A@antigen,antibody-antigen,A:E920A,A:E920A@antigen,A_HL,Bont/A1,mAb AR2,HL,A,true,true,False,False,charge_changing_v1
2nz9_0774,2NZ9,2nz9_0774,1,antigen,-0.05,experimental,A:F917A@antigen,antibody-antigen,A:F917A,A:F917A@antigen,A_HL,Bont/A1,mAb AR2,HL,A,true,true,True,True,
2nz9_0775,2NZ9,2nz9_0775,1,antigen,3.34,experimental,A:F953A@antigen,antibody-antigen,A:F953A,A:F953A@antigen,A_HL,Bont/A1,mAb AR2,HL,A,true,true,True,True,
2nz9_0776,2NZ9,2nz9_0776,1,antigen,7.42,experimental,A:H1064A@antigen,antibody-antigen,A:H1064A,A:H1064A@antigen,A_HL,Bont/A1,mAb AR2,HL,A,true,true,True,True,
2nz9_0777,2NZ9,2nz9_0777,1,antigen,0.07,experimental,A:I956A@antigen,antibody-antigen,A:I956A,A:I956A@antigen,A_HL,Bont/A1,mAb AR2,HL,A,true,true,True,True,
2nz9_0778,2NZ9,2nz9_0778,1,antigen,-0.01,experimental,A:K1056A@antigen,antibody-antigen,A:K1056A,A:K1056A@antigen,A_HL,Bont/A1,mAb AR2,HL,A,true,true,False,False,charge_changing_v1
2nz9_0779,2NZ9,2nz9_0779,1,antigen,0.54,experimental,A:K903A@antigen,antibody-antigen,A:K903A,A:K903A@antigen,A_HL,Bont/A1,mAb AR2,HL,A,true,true,False,False,charge_changing_v1
2nz9_0780,2NZ9,2nz9_0780,1,antigen,-0.3,experimental,A:K923A@antigen,antibody-antigen,A:K923A,A:K923A@antigen,A_HL,Bont/A1,mAb AR2,HL,A,true,true,False,False,charge_changing_v1
2nz9_0781,2NZ9,2nz9_0781,1,antigen,2.28,experimental,A:L919A@antigen,antibody-antigen,A:L919A,A:L919A@antigen,A_HL,Bont/A1,mAb AR2,HL,A,true,true,True,True,
2nz9_0782,2NZ9,2nz9_0782,1,antigen,2.16,experimental,A:N918A@antigen,antibody-antigen,A:N918A,A:N918A@antigen,A_HL,Bont/A1,mAb AR2,HL,A,true,true,True,True,
2nz9_0783,2NZ9,2nz9_0783,1,antigen,-0.15,experimental,A:N954A@antigen,antibody-antigen,A:N954A,A:N954A@antigen,A_HL,Bont/A1,mAb AR2,HL,A,true,true,True,True,
2nz9_0784,2NZ9,2nz9_0784,1,antigen,0.1,experimental,A:Q915A@antigen,antibody-antigen,A:Q915A,A:Q915A@antigen,A_HL,Bont/A1,mAb AR2,HL,A,true,true,True,True,
2nz9_0785,2NZ9,2nz9_0785,1,antigen,0.29,experimental,A:R1061A@antigen,antibody-antigen,A:R1061A,A:R1061A@antigen,A_HL,Bont/A1,mAb AR2,HL,A,true,true,False,False,charge_changing_v1
2nz9_0786,2NZ9,2nz9_0786,1,antigen,0.39,experimental,A:R1294A@antigen,antibody-antigen,A:R1294A,A:R1294A@antigen,A_HL,Bont/A1,mAb AR2,HL,A,true,true,False,False,charge_changing_v1
2nz9_0787,2NZ9,2nz9_0787,1,antigen,-0.12,experimental,A:S902A@antigen,antibody-antigen,A:S902A,A:S902A@antigen,A_HL,Bont/A1,mAb AR2,HL,A,true,true,True,True,
2nz9_0788,2NZ9,2nz9_0788,1,antigen,-0.08,experimental,A:S955A@antigen,antibody-antigen,A:S955A,A:S955A@antigen,A_HL,Bont/A1,mAb AR2,HL,A,true,true,True,True,
2nz9_0789,2NZ9,2nz9_0789,1,antigen,2.37,experimental,A:T1063A@antigen,antibody-antigen,A:T1063A,A:T1063A@antigen,A_HL,Bont/A1,mAb AR2,HL,A,true,true,True,True,
3bdy_0790,3BDY,3bdy_0790,1,antibody,0.2,experimental,H:D31A@antibody,antibody-antigen,H:D31A,H:D31A@antibody,HL_V,Dual specific bH1 Fab,VEGF,HL,V,true,true,False,False,charge_changing_v1
3bdy_0791,3BDY,3bdy_0791,1,antibody,0,experimental,H:D98A@antibody,antibody-antigen,H:D98A,H:D98A@antibody,HL_V,Dual specific bH1 Fab,VEGF,HL,V,true,true,False,False,charge_changing_v1
3bdy_0792,3BDY,3bdy_0792,1,antibody,0.7,experimental,H:F100A@antibody,antibody-antigen,H:F100A,H:F100A@antibody,HL_V,Dual specific bH1 Fab,VEGF,HL,V,true,true,True,True,
3bdy_0793,3BDY,3bdy_0793,1,antibody,0.2,experimental,H:G96A@antibody,antibody-antigen,H:G96A,H:G96A@antibody,HL_V,Dual specific bH1 Fab,VEGF,HL,V,true,true,True,True,
3bdy_0794,3BDY,3bdy_0794,1,antibody,-0.1,experimental,H:G97A@antibody,antibody-antigen,H:G97A,H:G97A@antibody,HL_V,Dual specific bH1 Fab,VEGF,HL,V,true,true,True,True,
3bdy_0795,3BDY,3bdy_0795,1,antibody,0.8,experimental,H:G99A@antibody,antibody-antigen,H:G99A,H:G99A@antibody,HL_V,Dual specific bH1 Fab,VEGF,HL,V,true,true,True,True,
3bdy_0796,3BDY,3bdy_0796,1,antibody,0.2,experimental,H:K30A@antibody,antibody-antigen,H:K30A,H:K30A@antibody,HL_V,Dual specific bH1 Fab,VEGF,HL,V,true,true,False,False,charge_changing_v1
3bdy_0797,3BDY,3bdy_0797,1,antibody,-0.2,experimental,H:N54A@antibody,antibody-antigen,H:N54A,H:N54A@antibody,HL_V,Dual specific bH1 Fab,VEGF,HL,V,true,true,True,True,
3bdy_0798,3BDY,3bdy_0798,1,antibody,-0.3,experimental,H:R50A@antibody,antibody-antigen,H:R50A,H:R50A@antibody,HL_V,Dual specific bH1 Fab,VEGF,HL,V,true,true,False,False,charge_changing_v1
3bdy_0799,3BDY,3bdy_0799,1,antibody,-0.2,experimental,H:R58A@antibody,antibody-antigen,H:R58A,H:R58A@antibody,HL_V,Dual specific bH1 Fab,VEGF,HL,V,true,true,False,False,charge_changing_v1
3bdy_0800,3BDY,3bdy_0800,1,antibody,-0.4,experimental,H:T32A@antibody,antibody-antigen,H:T32A,H:T32A@antibody,HL_V,Dual specific bH1 Fab,VEGF,HL,V,true,true,True,True,
3bdy_0801,3BDY,3bdy_0801,1,antibody,-0.5,experimental,H:T53A@antibody,antibody-antigen,H:T53A,H:T53A@antibody,HL_V,Dual specific bH1 Fab,VEGF,HL,V,true,true,True,True,
3bdy_0802,3BDY,3bdy_0802,1,antibody,2,experimental,H:W95A@antibody,antibody-antigen,H:W95A,H:W95A@antibody,HL_V,Dual specific bH1 Fab,VEGF,HL,V,true,true,True,True,
3bdy_0803,3BDY,3bdy_0803,1,antibody,0.5,experimental,H:Y100AA@antibody,antibody-antigen,H:Y100aA,H:Y100AA@antibody,HL_V,Dual specific bH1 Fab,VEGF,HL,V,true,true,True,True,
3bdy_0804,3BDY,3bdy_0804,1,antibody,0.3,experimental,H:Y33A@antibody,antibody-antigen,H:Y33A,H:Y33A@antibody,HL_V,Dual specific bH1 Fab,VEGF,HL,V,true,true,True,True,
3bdy_0805,3BDY,3bdy_0805,1,antibody,0.4,experimental,H:Y52A@antibody,antibody-antigen,H:Y52A,H:Y52A@antibody,HL_V,Dual specific bH1 Fab,VEGF,HL,V,true,true,True,True,
3bdy_0806,3BDY,3bdy_0806,1,antibody,0.2,experimental,H:Y56A@antibody,antibody-antigen,H:Y56A,H:Y56A@antibody,HL_V,Dual specific bH1 Fab,VEGF,HL,V,true,true,True,True,
3bdy_0807,3BDY,3bdy_0807,1,antibody,0,experimental,L:D27AA@antibody,antibody-antigen,L:D27aA,L:D27AA@antibody,HL_V,Dual specific bH1 Fab,VEGF,HL,V,true,true,False,False,charge_changing_v1
3bdy_0808,3BDY,3bdy_0808,1,antibody,1.2,experimental,L:G31A@antibody,antibody-antigen,L:G31A,L:G31A@antibody,HL_V,Dual specific bH1 Fab,VEGF,HL,V,true,true,True,True,
3bdy_0809,3BDY,3bdy_0809,1,antibody,1,experimental,L:G51A@antibody,antibody-antigen,L:G51A,L:G51A@antibody,HL_V,Dual specific bH1 Fab,VEGF,HL,V,true,true,True,True,
3bdy_0810,3BDY,3bdy_0810,1,antibody,2,experimental,L:H91A@antibody,antibody-antigen,L:H91A,L:H91A@antibody,HL_V,Dual specific bH1 Fab,VEGF,HL,V,true,true,True,True,
3bdy_0811,3BDY,3bdy_0811,1,antibody,1.1,experimental,L:I27BA@antibody,antibody-antigen,L:I27bA,L:I27BA@antibody,HL_V,Dual specific bH1 Fab,VEGF,HL,V,true,true,True,True,
3bdy_0812,3BDY,3bdy_0812,1,antibody,0.8,experimental,L:I29A@antibody,antibody-antigen,L:I29A,L:I29A@antibody,HL_V,Dual specific bH1 Fab,VEGF,HL,V,true,true,True,True,
3bdy_0813,3BDY,3bdy_0813,1,antibody,0.2,experimental,L:P27CA@antibody,antibody-antigen,L:P27cA,L:P27CA@antibody,HL_V,Dual specific bH1 Fab,VEGF,HL,V,true,true,True,True,
3bdy_0814,3BDY,3bdy_0814,1,antibody,-0.2,experimental,L:R27DA@antibody,antibody-antigen,L:R27dA,L:R27DA@antibody,HL_V,Dual specific bH1 Fab,VEGF,HL,V,true,true,False,False,charge_changing_v1
3bdy_0815,3BDY,3bdy_0815,1,antibody,1,experimental,L:S28A@antibody,antibody-antigen,L:S28A,L:S28A@antibody,HL_V,Dual specific bH1 Fab,VEGF,HL,V,true,true,True,True,
3bdy_0816,3BDY,3bdy_0816,1,antibody,1.3,experimental,L:S30A@antibody,antibody-antigen,L:S30A,L:S30A@antibody,HL_V,Dual specific bH1 Fab,VEGF,HL,V,true,true,True,True,
3bdy_0817,3BDY,3bdy_0817,1,antibody,0.1,experimental,L:S52A@antibody,antibody-antigen,L:S52A,L:S52A@antibody,HL_V,Dual specific bH1 Fab,VEGF,HL,V,true,true,True,True,
3bdy_0818,3BDY,3bdy_0818,1,antibody,-0.3,experimental,L:T93A@antibody,antibody-antigen,L:T93A,L:T93A@antibody,HL_V,Dual specific bH1 Fab,VEGF,HL,V,true,true,True,True,
3bdy_0819,3BDY,3bdy_0819,1,antibody,0,experimental,L:T94A@antibody,antibody-antigen,L:T94A,L:T94A@antibody,HL_V,Dual specific bH1 Fab,VEGF,HL,V,true,true,True,True,
3bdy_0820,3BDY,3bdy_0820,1,antibody,1.3,experimental,L:W50A@antibody,antibody-antigen,L:W50A,L:W50A@antibody,HL_V,Dual specific bH1 Fab,VEGF,HL,V,true,true,True,True,
3bdy_0821,3BDY,3bdy_0821,1,antibody,1.7,experimental,L:Y32A@antibody,antibody-antigen,L:Y32A,L:Y32A@antibody,HL_V,Dual specific bH1 Fab,VEGF,HL,V,true,true,True,True,
3bdy_0822,3BDY,3bdy_0822,1,antibody,0.7,experimental,L:Y53A@antibody,antibody-antigen,L:Y53A,L:Y53A@antibody,HL_V,Dual specific bH1 Fab,VEGF,HL,V,true,true,True,True,
3bdy_0823,3BDY,3bdy_0823,1,antibody,1.4,experimental,L:Y92A@antibody,antibody-antigen,L:Y92A,L:Y92A@antibody,HL_V,Dual specific bH1 Fab,VEGF,HL,V,true,true,True,True,
3be1_0824,3BE1,3be1_0824,1,antibody,0.4,experimental,H:D31A@antibody,antibody-antigen,H:D31A,H:D31A@antibody,A_HL,Dual specific bH1 Fab,HER2/ErbB-2,HL,A,true,true,False,False,charge_changing_v1
3be1_0825,3BE1,3be1_0825,1,antibody,-0.1,experimental,H:D98A@antibody,antibody-antigen,H:D98A,H:D98A@antibody,A_HL,Dual specific bH1 Fab,HER2/ErbB-2,HL,A,true,true,False,False,charge_changing_v1
3be1_0826,3BE1,3be1_0826,1,antibody,1.9,experimental,H:F100A@antibody,antibody-antigen,H:F100A,H:F100A@antibody,A_HL,Dual specific bH1 Fab,HER2/ErbB-2,HL,A,true,true,True,True,
3be1_0827,3BE1,3be1_0827,1,antibody,0.1,experimental,H:G96A@antibody,antibody-antigen,H:G96A,H:G96A@antibody,A_HL,Dual specific bH1 Fab,HER2/ErbB-2,HL,A,true,true,True,True,
3be1_0828,3BE1,3be1_0828,1,antibody,0.3,experimental,H:G97A@antibody,antibody-antigen,H:G97A,H:G97A@antibody,A_HL,Dual specific bH1 Fab,HER2/ErbB-2,HL,A,true,true,True,True,
3be1_0829,3BE1,3be1_0829,1,antibody,1.8,experimental,H:G99A@antibody,antibody-antigen,H:G99A,H:G99A@antibody,A_HL,Dual specific bH1 Fab,HER2/ErbB-2,HL,A,true,true,True,True,
3be1_0830,3BE1,3be1_0830,1,antibody,-0.3,experimental,H:K30A@antibody,antibody-antigen,H:K30A,H:K30A@antibody,A_HL,Dual specific bH1 Fab,HER2/ErbB-2,HL,A,true,true,False,False,charge_changing_v1
3be1_0831,3BE1,3be1_0831,1,antibody,-0.8,experimental,H:N54A@antibody,antibody-antigen,H:N54A,H:N54A@antibody,A_HL,Dual specific bH1 Fab,HER2/ErbB-2,HL,A,true,true,True,True,
3be1_0832,3BE1,3be1_0832,1,antibody,2.4,experimental,H:R50A@antibody,antibody-antigen,H:R50A,H:R50A@antibody,A_HL,Dual specific bH1 Fab,HER2/ErbB-2,HL,A,true,true,False,False,charge_changing_v1
3be1_0833,3BE1,3be1_0833,1,antibody,2.5,experimental,H:R58A@antibody,antibody-antigen,H:R58A,H:R58A@antibody,A_HL,Dual specific bH1 Fab,HER2/ErbB-2,HL,A,true,true,False,False,charge_changing_v1
3be1_0834,3BE1,3be1_0834,1,antibody,-0.4,experimental,H:T32A@antibody,antibody-antigen,H:T32A,H:T32A@antibody,A_HL,Dual specific bH1 Fab,HER2/ErbB-2,HL,A,true,true,True,True,
3be1_0835,3BE1,3be1_0835,1,antibody,0.1,experimental,H:T53A@antibody,antibody-antigen,H:T53A,H:T53A@antibody,A_HL,Dual specific bH1 Fab,HER2/ErbB-2,HL,A,true,true,True,True,
3be1_0836,3BE1,3be1_0836,1,antibody,1.8,experimental,H:W95A@antibody,antibody-antigen,H:W95A,H:W95A@antibody,A_HL,Dual specific bH1 Fab,HER2/ErbB-2,HL,A,true,true,True,True,
3be1_0837,3BE1,3be1_0837,1,antibody,1.2,experimental,H:Y100AA@antibody,antibody-antigen,H:Y100aA,H:Y100AA@antibody,A_HL,Dual specific bH1 Fab,HER2/ErbB-2,HL,A,true,true,True,True,
3be1_0838,3BE1,3be1_0838,1,antibody,2.4,experimental,H:Y33A@antibody,antibody-antigen,H:Y33A,H:Y33A@antibody,A_HL,Dual specific bH1 Fab,HER2/ErbB-2,HL,A,true,true,True,True,
3be1_0839,3BE1,3be1_0839,1,antibody,-0.8,experimental,H:Y52A@antibody,antibody-antigen,H:Y52A,H:Y52A@antibody,A_HL,Dual specific bH1 Fab,HER2/ErbB-2,HL,A,true,true,True,True,
3be1_0840,3BE1,3be1_0840,1,antibody,1.8,experimental,H:Y56A@antibody,antibody-antigen,H:Y56A,H:Y56A@antibody,A_HL,Dual specific bH1 Fab,HER2/ErbB-2,HL,A,true,true,True,True,
3be1_0841,3BE1,3be1_0841,1,antibody,0,experimental,L:D27AA@antibody,antibody-antigen,L:D27aA,L:D27AA@antibody,A_HL,Dual specific bH1 Fab,HER2/ErbB-2,HL,A,true,true,False,False,charge_changing_v1
3be1_0842,3BE1,3be1_0842,1,antibody,0.3,experimental,L:G31A@antibody,antibody-antigen,L:G31A,L:G31A@antibody,A_HL,Dual specific bH1 Fab,HER2/ErbB-2,HL,A,true,true,True,True,
3be1_0843,3BE1,3be1_0843,1,antibody,-0.3,experimental,L:G51A@antibody,antibody-antigen,L:G51A,L:G51A@antibody,A_HL,Dual specific bH1 Fab,HER2/ErbB-2,HL,A,true,true,True,True,
3be1_0844,3BE1,3be1_0844,1,antibody,0.9,experimental,L:H91A@antibody,antibody-antigen,L:H91A,L:H91A@antibody,A_HL,Dual specific bH1 Fab,HER2/ErbB-2,HL,A,true,true,True,True,
3be1_0845,3BE1,3be1_0845,1,antibody,-0.2,experimental,L:I27BA@antibody,antibody-antigen,L:I27bA,L:I27BA@antibody,A_HL,Dual specific bH1 Fab,HER2/ErbB-2,HL,A,true,true,True,True,
3be1_0846,3BE1,3be1_0846,1,antibody,0.9,experimental,L:I29A@antibody,antibody-antigen,L:I29A,L:I29A@antibody,A_HL,Dual specific bH1 Fab,HER2/ErbB-2,HL,A,true,true,True,True,
3be1_0847,3BE1,3be1_0847,1,antibody,0.1,experimental,L:P27CA@antibody,antibody-antigen,L:P27cA,L:P27CA@antibody,A_HL,Dual specific bH1 Fab,HER2/ErbB-2,HL,A,true,true,True,True,
3be1_0848,3BE1,3be1_0848,1,antibody,-0.2,experimental,L:R27DA@antibody,antibody-antigen,L:R27dA,L:R27DA@antibody,A_HL,Dual specific bH1 Fab,HER2/ErbB-2,HL,A,true,true,False,False,charge_changing_v1
3be1_0849,3BE1,3be1_0849,1,antibody,0.3,experimental,L:S28A@antibody,antibody-antigen,L:S28A,L:S28A@antibody,A_HL,Dual specific bH1 Fab,HER2/ErbB-2,HL,A,true,true,True,True,
3be1_0850,3BE1,3be1_0850,1,antibody,-0.2,experimental,L:S30A@antibody,antibody-antigen,L:S30A,L:S30A@antibody,A_HL,Dual specific bH1 Fab,HER2/ErbB-2,HL,A,true,true,True,True,
3be1_0851,3BE1,3be1_0851,1,antibody,0.3,experimental,L:S52A@antibody,antibody-antigen,L:S52A,L:S52A@antibody,A_HL,Dual specific bH1 Fab,HER2/ErbB-2,HL,A,true,true,True,True,
3be1_0852,3BE1,3be1_0852,1,antibody,-0.4,experimental,L:T93A@antibody,antibody-antigen,L:T93A,L:T93A@antibody,A_HL,Dual specific bH1 Fab,HER2/ErbB-2,HL,A,true,true,True,True,
3be1_0853,3BE1,3be1_0853,1,antibody,1.4,experimental,L:T94A@antibody,antibody-antigen,L:T94A,L:T94A@antibody,A_HL,Dual specific bH1 Fab,HER2/ErbB-2,HL,A,true,true,True,True,
3be1_0854,3BE1,3be1_0854,1,antibody,1.4,experimental,L:W50A@antibody,antibody-antigen,L:W50A,L:W50A@antibody,A_HL,Dual specific bH1 Fab,HER2/ErbB-2,HL,A,true,true,True,True,
3be1_0855,3BE1,3be1_0855,1,antibody,-0.8,experimental,L:Y32A@antibody,antibody-antigen,L:Y32A,L:Y32A@antibody,A_HL,Dual specific bH1 Fab,HER2/ErbB-2,HL,A,true,true,True,True,
3be1_0856,3BE1,3be1_0856,1,antibody,0.9,experimental,L:Y53A@antibody,antibody-antigen,L:Y53A,L:Y53A@antibody,A_HL,Dual specific bH1 Fab,HER2/ErbB-2,HL,A,true,true,True,True,
3be1_0857,3BE1,3be1_0857,1,antibody,0.5,experimental,L:Y92A@antibody,antibody-antigen,L:Y92A,L:Y92A@antibody,A_HL,Dual specific bH1 Fab,HER2/ErbB-2,HL,A,true,true,True,True,
3bn9_0858,3BN9,3bn9_0858,1,antigen,0.57,experimental,A:D217A@antigen,antibody-antigen,A:D217A,A:D217A@antigen,A_HL,MT-SP1,Fab Inhibitor E2,HL,A,true,true,False,False,charge_changing_v1
3bn9_0859,3BN9,3bn9_0859,1,antigen,0.42,experimental,A:D60AA@antigen,antibody-antigen,A:D60aA,A:D60AA@antigen,A_HL,MT-SP1,Fab Inhibitor E2,HL,A,true,true,False,False,charge_changing_v1
3bn9_0860,3BN9,3bn9_0860,1,antigen,0.31,experimental,A:D60BA@antigen,antibody-antigen,A:D60bA,A:D60BA@antigen,A_HL,MT-SP1,Fab Inhibitor E2,HL,A,true,true,False,False,charge_changing_v1
3bn9_0861,3BN9,3bn9_0861,1,antigen,6.7,experimental,A:D96A@antigen,antibody-antigen,A:D96A,A:D96A@antigen,A_HL,MT-SP1,Fab Inhibitor E2,HL,A,true,true,False,False,charge_changing_v1
3bn9_0862,3BN9,3bn9_0862,1,antigen,0.37,experimental,A:E169A@antigen,antibody-antigen,A:E169A,A:E169A@antigen,A_HL,MT-SP1,Fab Inhibitor E2,HL,A,true,true,False,False,charge_changing_v1
3bn9_0863,3BN9,3bn9_0863,1,antigen,-0.05,experimental,A:F60EA@antigen,antibody-antigen,A:F60eA,A:F60EA@antigen,A_HL,MT-SP1,Fab Inhibitor E2,HL,A,true,true,True,True,
3bn9_0864,3BN9,3bn9_0864,1,antigen,0.64,experimental,A:F94A@antigen,antibody-antigen,A:F94A,A:F94A@antigen,A_HL,MT-SP1,Fab Inhibitor E2,HL,A,true,true,True,True,
3bn9_0865,3BN9,3bn9_0865,1,antigen,6.7,experimental,A:F97A@antigen,antibody-antigen,A:F97A,A:F97A@antigen,A_HL,MT-SP1,Fab Inhibitor E2,HL,A,true,true,True,True,
3bn9_0866,3BN9,3bn9_0866,1,antigen,0.09,experimental,A:H143A@antigen,antibody-antigen,A:H143A,A:H143A@antigen,A_HL,MT-SP1,Fab Inhibitor E2,HL,A,true,true,True,True,
3bn9_0867,3BN9,3bn9_0867,1,antigen,0,experimental,A:I41A@antigen,antibody-antigen,A:I41A,A:I41A@antigen,A_HL,MT-SP1,Fab Inhibitor E2,HL,A,true,true,True,True,
3bn9_0868,3BN9,3bn9_0868,1,antigen,0.84,experimental,A:I60A@antigen,antibody-antigen,A:I60A,A:I60A@antigen,A_HL,MT-SP1,Fab Inhibitor E2,HL,A,true,true,True,True,
3bn9_0869,3BN9,3bn9_0869,1,antigen,0.79,experimental,A:K224A@antigen,antibody-antigen,A:K224A,A:K224A@antigen,A_HL,MT-SP1,Fab Inhibitor E2,HL,A,true,true,False,False,charge_changing_v1
3bn9_0870,3BN9,3bn9_0870,1,antigen,0.34,experimental,A:L153A@antigen,antibody-antigen,A:L153A,A:L153A@antigen,A_HL,MT-SP1,Fab Inhibitor E2,HL,A,true,true,True,True,
3bn9_0871,3BN9,3bn9_0871,1,antigen,0.77,experimental,A:N95A@antigen,antibody-antigen,A:N95A,A:N95A@antigen,A_HL,MT-SP1,Fab Inhibitor E2,HL,A,true,true,True,True,
3bn9_0872,3BN9,3bn9_0872,1,antigen,0.13,experimental,A:Q145A@antigen,antibody-antigen,A:Q145A,A:Q145A@antigen,A_HL,MT-SP1,Fab Inhibitor E2,HL,A,true,true,True,True,
3bn9_0873,3BN9,3bn9_0873,1,antigen,-0.03,experimental,A:Q174A@antigen,antibody-antigen,A:Q174A,A:Q174A@antigen,A_HL,MT-SP1,Fab Inhibitor E2,HL,A,true,true,True,True,
3bn9_0874,3BN9,3bn9_0874,1,antigen,2.51,experimental,A:Q175A@antigen,antibody-antigen,A:Q175A,A:Q175A@antigen,A_HL,MT-SP1,Fab Inhibitor E2,HL,A,true,true,True,True,
3bn9_0875,3BN9,3bn9_0875,1,antigen,0.71,experimental,A:Q221AA@antigen,antibody-antigen,A:Q221aA,A:Q221AA@antigen,A_HL,MT-SP1,Fab Inhibitor E2,HL,A,true,true,True,True,
3bn9_0876,3BN9,3bn9_0876,1,antigen,-0.42,experimental,A:Q38A@antigen,antibody-antigen,A:Q38A,A:Q38A@antigen,A_HL,MT-SP1,Fab Inhibitor E2,HL,A,true,true,True,True,
3bn9_0877,3BN9,3bn9_0877,1,antigen,-0.09,experimental,A:R222A@antigen,antibody-antigen,A:R222A,A:R222A@antigen,A_HL,MT-SP1,Fab Inhibitor E2,HL,A,true,true,False,False,charge_changing_v1
3bn9_0878,3BN9,3bn9_0878,1,antigen,-0.05,experimental,A:R60CA@antigen,antibody-antigen,A:R60cA,A:R60CA@antigen,A_HL,MT-SP1,Fab Inhibitor E2,HL,A,true,true,False,False,charge_changing_v1
3bn9_0879,3BN9,3bn9_0879,1,antigen,-0.07,experimental,A:R60FA@antigen,antibody-antigen,A:R60fA,A:R60FA@antigen,A_HL,MT-SP1,Fab Inhibitor E2,HL,A,true,true,False,False,charge_changing_v1
3bn9_0880,3BN9,3bn9_0880,1,antigen,-0.16,experimental,A:R87A@antigen,antibody-antigen,A:R87A,A:R87A@antigen,A_HL,MT-SP1,Fab Inhibitor E2,HL,A,true,true,False,False,charge_changing_v1
3bn9_0881,3BN9,3bn9_0881,1,antigen,0.29,experimental,A:T150A@antigen,antibody-antigen,A:T150A,A:T150A@antigen,A_HL,MT-SP1,Fab Inhibitor E2,HL,A,true,true,True,True,
3bn9_0882,3BN9,3bn9_0882,1,antigen,1.13,experimental,A:T98A@antigen,antibody-antigen,A:T98A,A:T98A@antigen,A_HL,MT-SP1,Fab Inhibitor E2,HL,A,true,true,True,True,
3bn9_0883,3BN9,3bn9_0883,1,antigen,1.09,experimental,A:Y146A@antigen,antibody-antigen,A:Y146A,A:Y146A@antigen,A_HL,MT-SP1,Fab Inhibitor E2,HL,A,true,true,True,True,
3bn9_0884,3BN9,3bn9_0884,1,antigen,0.02,experimental,A:Y60GA@antigen,antibody-antigen,A:Y60gA,A:Y60GA@antigen,A_HL,MT-SP1,Fab Inhibitor E2,HL,A,true,true,True,True,
3bn9_0885,3BN9,3bn9_0885,1,antibody,8,experimental,H:P100H@antibody,antibody-antigen,H:P100H,H:P100H@antibody,A_HL,MT-SP1,Fab Inhibitor E2,HL,A,true,true,True,True,
3bn9_0886,3BN9,3bn9_0886,1,antibody,1.36,experimental,H:Q100AV@antibody,antibody-antigen,H:Q100aV,H:Q100AV@antibody,A_HL,MT-SP1,Fab Inhibitor E2,HL,A,true,true,True,True,
3bn9_0887,3BN9,3bn9_0887,1,antibody,1.36,experimental,H:S30G@antibody,antibody-antigen,H:S30G,H:S30G@antibody,A_HL,MT-SP1,Fab Inhibitor E2,HL,A,true,true,True,True,
3bn9_0888,3BN9,3bn9_0888,1,antibody,1.36,experimental,H:S30N@antibody,antibody-antigen,H:S30N,H:S30N@antibody,A_HL,MT-SP1,Fab Inhibitor E2,HL,A,true,true,True,True,
3bn9_0889,3BN9,3bn9_0889,1,antibody,0.3,experimental,H:T28R@antibody,antibody-antigen,H:T28R,H:T28R@antibody,A_HL,MT-SP1,Fab Inhibitor E2,HL,A,true,true,False,False,charge_changing_v1
3bn9_0890,3BN9,3bn9_0890,1,antibody,0,experimental,H:T98Q@antibody,antibody-antigen,H:T98Q,H:T98Q@antibody,A_HL,MT-SP1,Fab Inhibitor E2,HL,A,true,true,True,True,
3bn9_0891,3BN9,3bn9_0891,1,antibody,-0.06,experimental,H:T98R@antibody,antibody-antigen,H:T98R,H:T98R@antibody,A_HL,MT-SP1,Fab Inhibitor E2,HL,A,true,true,False,False,charge_changing_v1
3bn9_0892,3BN9,3bn9_0892,1,antibody,0.41,experimental,H:Y99S@antibody,antibody-antigen,H:Y99S,H:Y99S@antibody,A_HL,MT-SP1,Fab Inhibitor E2,HL,A,true,true,True,True,
3hfm_0893,3HFM,3hfm_0893,2,mixed,8,experimental,H:C95A@antibody;Y:K96A@antigen,antibody-antigen,"H:C95A,Y:K96A",H:C95A@antibody;Y:K96A@antigen,HL_Y,HyHEL-10,FV,HL,Y,true,true,False,False,double_cross_side;charge_changing_v2
3hfm_0894,3HFM,3hfm_0894,2,mixed,8,experimental,H:C95A@antibody;Y:K97A@antigen,antibody-antigen,"H:C95A,Y:K97A",H:C95A@antibody;Y:K97A@antigen,HL_Y,HyHEL-10,FV,HL,Y,true,true,False,False,double_cross_side;charge_changing_v2
3hfm_0895,3HFM,3hfm_0895,2,mixed,8,experimental,H:C95A@antibody;Y:Y20A@antigen,antibody-antigen,"H:C95A,Y:Y20A",H:C95A@antibody;Y:Y20A@antigen,HL_Y,HyHEL-10,FV,HL,Y,true,true,False,False,double_cross_side
3hfm_0896,3HFM,3hfm_0896,2,mixed,8,experimental,H:C95F@antibody;Y:K96A@antigen,antibody-antigen,"H:C95F,Y:K96A",H:C95F@antibody;Y:K96A@antigen,HL_Y,HyHEL-10,FV,HL,Y,true,true,False,False,double_cross_side;charge_changing_v2
3hfm_0897,3HFM,3hfm_0897,2,mixed,8,experimental,H:C95F@antibody;Y:K97A@antigen,antibody-antigen,"H:C95F,Y:K97A",H:C95F@antibody;Y:K97A@antigen,HL_Y,HyHEL-10,FV,HL,Y,true,true,False,False,double_cross_side;charge_changing_v2
3hfm_0898,3HFM,3hfm_0898,2,mixed,6.18,experimental,H:C95F@antibody;Y:Y20A@antigen,antibody-antigen,"H:C95F,Y:Y20A",H:C95F@antibody;Y:Y20A@antigen,HL_Y,HyHEL-10,FV,HL,Y,true,true,False,False,double_cross_side
3hfm_0899,3HFM,3hfm_0899,2,mixed,4.6,experimental,H:D32A@antibody;Y:K97A@antigen,antibody-antigen,"H:D32A,Y:K97A",H:D32A@antibody;Y:K97A@antigen,HL_Y,HyHEL-10,FV,HL,Y,true,true,False,False,double_cross_side;charge_changing_v2
3hfm_0900,3HFM,3hfm_0900,2,mixed,1.12,experimental,H:D32A@antibody;Y:K97M@antigen,antibody-antigen,"H:D32A,Y:K97M",H:D32A@antibody;Y:K97M@antigen,HL_Y,HyHEL-10,FV,HL,Y,true,true,False,False,double_cross_side;charge_changing_v2
3hfm_0901,3HFM,3hfm_0901,2,mixed,4.89,experimental,H:D32N@antibody;Y:K97A@antigen,antibody-antigen,"H:D32N,Y:K97A",H:D32N@antibody;Y:K97A@antigen,HL_Y,HyHEL-10,FV,HL,Y,true,true,False,False,double_cross_side;charge_changing_v2
3hfm_0902,3HFM,3hfm_0902,2,mixed,0.3,experimental,H:D32N@antibody;Y:K97M@antigen,antibody-antigen,"H:D32N,Y:K97M",H:D32N@antibody;Y:K97M@antigen,HL_Y,HyHEL-10,FV,HL,Y,true,true,False,False,double_cross_side;charge_changing_v2
3hfm_0903,3HFM,3hfm_0903,2,mixed,8,experimental,H:Y33A@antibody;Y:K96A@antigen,antibody-antigen,"H:Y33A,Y:K96A",H:Y33A@antibody;Y:K96A@antigen,HL_Y,HyHEL-10,FV,HL,Y,true,true,False,False,double_cross_side;charge_changing_v2
3hfm_0904,3HFM,3hfm_0904,2,mixed,6.83,experimental,H:Y33A@antibody;Y:K97A@antigen,antibody-antigen,"H:Y33A,Y:K97A",H:Y33A@antibody;Y:K97A@antigen,HL_Y,HyHEL-10,FV,HL,Y,true,true,False,False,double_cross_side;charge_changing_v2
3hfm_0905,3HFM,3hfm_0905,2,mixed,8,experimental,H:Y33A@antibody;Y:Y20A@antigen,antibody-antigen,"H:Y33A,Y:Y20A",H:Y33A@antibody;Y:Y20A@antigen,HL_Y,HyHEL-10,FV,HL,Y,true,true,False,False,double_cross_side
3hfm_0906,3HFM,3hfm_0906,2,mixed,8,experimental,H:Y50A@antibody;Y:R21A@antigen,antibody-antigen,"H:Y50A,Y:R21A",H:Y50A@antibody;Y:R21A@antigen,HL_Y,HyHEL-10,FV,HL,Y,true,true,False,False,double_cross_side;charge_changing_v2
3hfm_0907,3HFM,3hfm_0907,2,mixed,8,experimental,L:N31A@antibody;Y:K96A@antigen,antibody-antigen,"L:N31A,Y:K96A",L:N31A@antibody;Y:K96A@antigen,HL_Y,HyHEL-10,FV,HL,Y,true,true,False,False,double_cross_side;charge_changing_v2
3hfm_0908,3HFM,3hfm_0908,2,mixed,8,experimental,L:N32A@antibody;Y:Y20A@antigen,antibody-antigen,"L:N32A,Y:Y20A",L:N32A@antibody;Y:Y20A@antigen,HL_Y,HyHEL-10,FV,HL,Y,true,true,False,False,double_cross_side
3hfm_0909,3HFM,3hfm_0909,2,mixed,8,experimental,L:Y50A@antibody;Y:K96A@antigen,antibody-antigen,"L:Y50A,Y:K96A",L:Y50A@antibody;Y:K96A@antigen,HL_Y,HyHEL-10,FV,HL,Y,true,true,False,False,double_cross_side;charge_changing_v2
3hfm_0910,3HFM,3hfm_0910,2,mixed,8,experimental,L:Y50A@antibody;Y:K97A@antigen,antibody-antigen,"L:Y50A,Y:K97A",L:Y50A@antibody;Y:K97A@antigen,HL_Y,HyHEL-10,FV,HL,Y,true,true,False,False,double_cross_side;charge_changing_v2
3hfm_0911,3HFM,3hfm_0911,2,mixed,6.42,experimental,L:Y50A@antibody;Y:R21A@antigen,antibody-antigen,"L:Y50A,Y:R21A",L:Y50A@antibody;Y:R21A@antigen,HL_Y,HyHEL-10,FV,HL,Y,true,true,False,False,double_cross_side;charge_changing_v2
3hfm_0912,3HFM,3hfm_0912,2,mixed,8,experimental,L:Y50A@antibody;Y:Y20A@antigen,antibody-antigen,"L:Y50A,Y:Y20A",L:Y50A@antibody;Y:Y20A@antigen,HL_Y,HyHEL-10,FV,HL,Y,true,true,False,False,double_cross_side
3hfm_0913,3HFM,3hfm_0913,2,mixed,8,experimental,L:Y50F@antibody;Y:K96A@antigen,antibody-antigen,"L:Y50F,Y:K96A",L:Y50F@antibody;Y:K96A@antigen,HL_Y,HyHEL-10,FV,HL,Y,true,true,False,False,double_cross_side;charge_changing_v2
3hfm_0914,3HFM,3hfm_0914,2,mixed,8,experimental,L:Y50F@antibody;Y:K97A@antigen,antibody-antigen,"L:Y50F,Y:K97A",L:Y50F@antibody;Y:K97A@antigen,HL_Y,HyHEL-10,FV,HL,Y,true,true,False,False,double_cross_side;charge_changing_v2
3hfm_0915,3HFM,3hfm_0915,2,mixed,4.33,experimental,L:Y50F@antibody;Y:R21A@antigen,antibody-antigen,"L:Y50F,Y:R21A",L:Y50F@antibody;Y:R21A@antigen,HL_Y,HyHEL-10,FV,HL,Y,true,true,False,False,double_cross_side;charge_changing_v2
3hfm_0916,3HFM,3hfm_0916,2,mixed,6.18,experimental,L:Y50F@antibody;Y:Y20A@antigen,antibody-antigen,"L:Y50F,Y:Y20A",L:Y50F@antibody;Y:Y20A@antigen,HL_Y,HyHEL-10,FV,HL,Y,true,true,False,False,double_cross_side
3hfm_0917,3HFM,3hfm_0917,2,mixed,5.76,experimental,L:Y96A@antibody;Y:R21A@antigen,antibody-antigen,"L:Y96A,Y:R21A",L:Y96A@antibody;Y:R21A@antigen,HL_Y,HyHEL-10,FV,HL,Y,true,true,False,False,double_cross_side;charge_changing_v2
3hfm_0918,3HFM,3hfm_0918,2,mixed,4.19,experimental,L:Y96F@antibody;Y:R21A@antigen,antibody-antigen,"L:Y96F,Y:R21A",L:Y96F@antibody;Y:R21A@antigen,HL_Y,HyHEL-10,FV,HL,Y,true,true,False,False,double_cross_side;charge_changing_v2
3hfm_0919,3HFM,3hfm_0919,1,antibody,5.52,experimental,H:C95A@antibody,antibody-antigen,H:C95A,H:C95A@antibody,HL_Y,HyHEL-10,FV,HL,Y,true,true,True,True,
3hfm_0920,3HFM,3hfm_0920,1,antibody,3.25,experimental,H:C95F@antibody,antibody-antigen,H:C95F,H:C95F@antibody,HL_Y,HyHEL-10,FV,HL,Y,true,true,True,True,
3hfm_0921,3HFM,3hfm_0921,1,antibody,1.9,experimental,H:D32A@antibody,antibody-antigen,H:D32A,H:D32A@antibody,HL_Y,HyHEL-10,FV,HL,Y,true,true,False,False,charge_changing_v1
3hfm_0922,3HFM,3hfm_0922,1,antibody,0.17,experimental,H:D32N@antibody,antibody-antigen,H:D32N,H:D32N@antibody,HL_Y,HyHEL-10,FV,HL,Y,true,true,False,False,charge_changing_v1
3hfm_0923,3HFM,3hfm_0923,1,antibody,0.17,experimental,H:S31A@antibody,antibody-antigen,H:S31A,H:S31A@antibody,HL_Y,HyHEL-10,FV,HL,Y,true,true,True,True,
3hfm_0924,3HFM,3hfm_0924,1,antibody,6,experimental,H:Y33A@antibody,antibody-antigen,H:Y33A,H:Y33A@antibody,HL_Y,HyHEL-10,FV,HL,Y,true,true,True,True,
3hfm_0925,3HFM,3hfm_0925,1,antibody,8,experimental,H:Y50A@antibody,antibody-antigen,H:Y50A,H:Y50A@antibody,HL_Y,HyHEL-10,FV,HL,Y,true,true,True,True,
3hfm_0926,3HFM,3hfm_0926,1,antibody,5.22,experimental,L:N31A@antibody,antibody-antigen,L:N31A,L:N31A@antibody,HL_Y,HyHEL-10,FV,HL,Y,true,true,True,True,
3hfm_0927,3HFM,3hfm_0927,1,antibody,1.34,experimental,L:N31D@antibody,antibody-antigen,L:N31D,L:N31D@antibody,HL_Y,HyHEL-10,FV,HL,Y,true,true,False,False,charge_changing_v1
3hfm_0928,3HFM,3hfm_0928,1,antibody,5.67,experimental,L:N31E@antibody,antibody-antigen,L:N31E,L:N31E@antibody,HL_Y,HyHEL-10,FV,HL,Y,true,true,False,False,charge_changing_v1
3hfm_0929,3HFM,3hfm_0929,1,antibody,5.11,experimental,L:N32A@antibody,antibody-antigen,L:N32A,L:N32A@antibody,HL_Y,HyHEL-10,FV,HL,Y,true,true,True,True,
3hfm_0930,3HFM,3hfm_0930,1,antibody,0.95,experimental,L:Q53A@antibody,antibody-antigen,L:Q53A,L:Q53A@antibody,HL_Y,HyHEL-10,FV,HL,Y,true,true,True,True,
3hfm_0931,3HFM,3hfm_0931,1,antibody,4.57,experimental,L:Y50A@antibody,antibody-antigen,L:Y50A,L:Y50A@antibody,HL_Y,HyHEL-10,FV,HL,Y,true,true,True,True,
3hfm_0932,3HFM,3hfm_0932,1,antibody,2.36,experimental,L:Y50F@antibody,antibody-antigen,L:Y50F,L:Y50F@antibody,HL_Y,HyHEL-10,FV,HL,Y,true,true,True,True,
3hfm_0933,3HFM,3hfm_0933,1,antibody,4.4,experimental,L:Y50L@antibody,antibody-antigen,L:Y50L,L:Y50L@antibody,HL_Y,HyHEL-10,FV,HL,Y,true,true,True,True,
3hfm_0934,3HFM,3hfm_0934,1,antibody,2.71,experimental,L:Y96A@antibody,antibody-antigen,L:Y96A,L:Y96A@antibody,HL_Y,HyHEL-10,FV,HL,Y,true,true,True,True,
3hfm_0935,3HFM,3hfm_0935,1,antibody,1.4,experimental,L:Y96F@antibody,antibody-antigen,L:Y96F,L:Y96F@antibody,HL_Y,HyHEL-10,FV,HL,Y,true,true,True,True,
3hfm_0936,3HFM,3hfm_0936,1,antigen,6.83,experimental,Y:K96A@antigen,antibody-antigen,Y:K96A,Y:K96A@antigen,HL_Y,HyHEL-10,FV,HL,Y,true,true,False,False,charge_changing_v1
3hfm_0937,3HFM,3hfm_0937,1,antigen,6.18,experimental,Y:K97A@antigen,antibody-antigen,Y:K97A,Y:K97A@antigen,HL_Y,HyHEL-10,FV,HL,Y,true,true,False,False,charge_changing_v1
3hfm_0938,3HFM,3hfm_0938,1,antigen,1.09,experimental,Y:K97M@antigen,antibody-antigen,Y:K97M,Y:K97M@antigen,HL_Y,HyHEL-10,FV,HL,Y,true,true,False,False,charge_changing_v1
3hfm_0939,3HFM,3hfm_0939,1,antigen,1.03,experimental,Y:R21A@antigen,antibody-antigen,Y:R21A,Y:R21A@antigen,HL_Y,HyHEL-10,FV,HL,Y,true,true,False,False,charge_changing_v1
3hfm_0940,3HFM,3hfm_0940,1,antigen,4.87,experimental,Y:Y20A@antigen,antibody-antigen,Y:Y20A,Y:Y20A@antigen,HL_Y,HyHEL-10,FV,HL,Y,true,true,True,True,
3k2m_0941,3K2M,3k2m_0941,1,other,2.5,experimental,D:E52A,antibody-like,D:E52A,D:E52A,A_D,Monobody HA4/Abl1,SH2 Domain,,,true,true,False,False,non_antibody_antigen
3k2m_0942,3K2M,3k2m_0942,1,other,4,experimental,D:M88A,antibody-like,D:M88A,D:M88A,A_D,Monobody HA4/Abl1,SH2 Domain,,,true,true,False,False,non_antibody_antigen
3k2m_0943,3K2M,3k2m_0943,1,other,2.5,experimental,D:R38A,antibody-like,D:R38A,D:R38A,A_D,Monobody HA4/Abl1,SH2 Domain,,,true,true,False,False,non_antibody_antigen
3k2m_0944,3K2M,3k2m_0944,1,other,4,experimental,D:W80A,antibody-like,D:W80A,D:W80A,A_D,Monobody HA4/Abl1,SH2 Domain,,,true,true,False,False,non_antibody_antigen
3k2m_0945,3K2M,3k2m_0945,1,other,1,experimental,D:Y35A,antibody-like,D:Y35A,D:Y35A,A_D,Monobody HA4/Abl1,SH2 Domain,,,true,true,False,False,non_antibody_antigen
3k2m_0946,3K2M,3k2m_0946,1,other,3.7,experimental,D:Y36A,antibody-like,D:Y36A,D:Y36A,A_D,Monobody HA4/Abl1,SH2 Domain,,,true,true,False,False,non_antibody_antigen
3k2m_0947,3K2M,3k2m_0947,1,other,4,experimental,D:Y87A,antibody-like,D:Y87A,D:Y87A,A_D,Monobody HA4/Abl1,SH2 Domain,,,true,true,False,False,non_antibody_antigen
3ngb_0948,3NGB,3ngb_0948,4,antibody,1.67,experimental,H:A56G@antibody;H:V57T@antibody;H:P62K@antibody;H:V73T@antibody,antibody-antigen,"H:A56G,H:V57T,H:P62K,H:V73T",H:A56G@antibody;H:V57T@antibody;H:P62K@antibody;H:V73T@antibody,G_HL,VRC01,HIV-1 gp120,HL,G,true,true,False,False,unsupported_mutation_count
3ngb_0949,3NGB,3ngb_0949,2,antibody,0.26,experimental,H:C32S@antibody__H:C98A@antibody,antibody-antigen,"H:C32S,H:C98A",H:C32S@antibody;H:C98A@antibody,G_HL,VRC01,HIV-1 gp120,HL,G,true,true,False,True,
3ngb_0950,3NGB,3ngb_0950,11,antibody,0.87,experimental,H:I30T@antibody;H:K52N@antibody;H:R53N@antibody;H:G54S@antibody;H:A56G@antibody;H:V57T@antibody;H:R61Q@antibody;H:P62K@antibody;H:V73T@antibody;H:Y74S@antibody;L:Y28S@antibody,antibody-antigen,"H:I30T,H:K52N,H:R53N,H:G54S,H:A56G,H:V57T,H:R61Q,H:P62K,H:V73T,H:Y74S,L:Y28S",H:I30T@antibody;H:K52N@antibody;H:R53N@antibody;H:G54S@antibody;H:A56G@antibody;H:V57T@antibody;H:R61Q@antibody;H:P62K@antibody;H:V73T@antibody;H:Y74S@antibody;L:Y28S@antibody,G_HL,VRC01,HIV-1 gp120,HL,G,true,true,False,False,unsupported_mutation_count
3ngb_0951,3NGB,3ngb_0951,7,antibody,1.91,experimental,H:T33Y@antibody;H:G55S@antibody;H:A56G@antibody;H:V57T@antibody;H:P62K@antibody;H:V73T@antibody;H:Y74S@antibody,antibody-antigen,"H:T33Y,H:G55S,H:A56G,H:V57T,H:P62K,H:V73T,H:Y74S",H:T33Y@antibody;H:G55S@antibody;H:A56G@antibody;H:V57T@antibody;H:P62K@antibody;H:V73T@antibody;H:Y74S@antibody,G_HL,VRC01,HIV-1 gp120,HL,G,true,true,False,False,unsupported_mutation_count
3ngb_0952,3NGB,3ngb_0952,1,antibody,-0.06,experimental,H:A56G@antibody,antibody-antigen,H:A56G,H:A56G@antibody,G_HL,VRC01,HIV-1 gp120,HL,G,true,true,True,True,
3ngb_0953,3NGB,3ngb_0953,1,antibody,0.73,experimental,H:G54S@antibody,antibody-antigen,H:G54S,H:G54S@antibody,G_HL,VRC01,HIV-1 gp120,HL,G,true,true,True,True,
3ngb_0954,3NGB,3ngb_0954,1,antibody,0.08,experimental,H:I30T@antibody,antibody-antigen,H:I30T,H:I30T@antibody,G_HL,VRC01,HIV-1 gp120,HL,G,true,true,True,True,
3ngb_0955,3NGB,3ngb_0955,1,antibody,0.18,experimental,H:K52N@antibody,antibody-antigen,H:K52N,H:K52N@antibody,G_HL,VRC01,HIV-1 gp120,HL,G,true,true,False,False,charge_changing_v1
3ngb_0956,3NGB,3ngb_0956,1,antibody,0.23,experimental,H:P62K@antibody,antibody-antigen,H:P62K,H:P62K@antibody,G_HL,VRC01,HIV-1 gp120,HL,G,true,true,False,False,charge_changing_v1
3ngb_0957,3NGB,3ngb_0957,1,antibody,0.05,experimental,H:R53N@antibody,antibody-antigen,H:R53N,H:R53N@antibody,G_HL,VRC01,HIV-1 gp120,HL,G,true,true,False,False,charge_changing_v1
3ngb_0958,3NGB,3ngb_0958,1,antibody,0.1,experimental,H:R61Q@antibody,antibody-antigen,H:R61Q,H:R61Q@antibody,G_HL,VRC01,HIV-1 gp120,HL,G,true,true,False,False,charge_changing_v1
3ngb_0959,3NGB,3ngb_0959,1,antibody,0.08,experimental,H:T33Y@antibody,antibody-antigen,H:T33Y,H:T33Y@antibody,G_HL,VRC01,HIV-1 gp120,HL,G,true,true,True,True,
3ngb_0960,3NGB,3ngb_0960,1,antibody,0.14,experimental,H:V57T@antibody,antibody-antigen,H:V57T,H:V57T@antibody,G_HL,VRC01,HIV-1 gp120,HL,G,true,true,True,True,
3ngb_0961,3NGB,3ngb_0961,1,antibody,0.16,experimental,H:V73T@antibody,antibody-antigen,H:V73T,H:V73T@antibody,G_HL,VRC01,HIV-1 gp120,HL,G,true,true,True,True,
3ngb_0962,3NGB,3ngb_0962,1,antibody,0.33,experimental,H:Y74S@antibody,antibody-antigen,H:Y74S,H:Y74S@antibody,G_HL,VRC01,HIV-1 gp120,HL,G,true,true,True,True,
3nps_0963,3NPS,3nps_0963,1,antigen,1.48,experimental,A:D214A@antigen,antibody-antigen,A:D214A,A:D214A@antigen,A_BC,MT-SP1,Fab Inhibitor S4,BC,A,true,true,False,False,charge_changing_v1
3nps_0964,3NPS,3nps_0964,1,antigen,0.34,experimental,A:D46A@antigen,antibody-antigen,A:D46A,A:D46A@antigen,A_BC,MT-SP1,Fab Inhibitor S4,BC,A,true,true,False,False,charge_changing_v1
3nps_0965,3NPS,3nps_0965,1,antigen,1.08,experimental,A:D47A@antigen,antibody-antigen,A:D47A,A:D47A@antigen,A_BC,MT-SP1,Fab Inhibitor S4,BC,A,true,true,False,False,charge_changing_v1
3nps_0966,3NPS,3nps_0966,1,antigen,1.52,experimental,A:D91A@antigen,antibody-antigen,A:D91A,A:D91A@antigen,A_BC,MT-SP1,Fab Inhibitor S4,BC,A,true,true,False,False,charge_changing_v1
3nps_0967,3NPS,3nps_0967,1,antigen,0.62,experimental,A:E163A@antigen,antibody-antigen,A:E163A,A:E163A@antigen,A_BC,MT-SP1,Fab Inhibitor S4,BC,A,true,true,False,False,charge_changing_v1
3nps_0968,3NPS,3nps_0968,1,antigen,0.22,experimental,A:F50A@antigen,antibody-antigen,A:F50A,A:F50A@antigen,A_BC,MT-SP1,Fab Inhibitor S4,BC,A,true,true,True,True,
3nps_0969,3NPS,3nps_0969,1,antigen,1.61,experimental,A:F89A@antigen,antibody-antigen,A:F89A,A:F89A@antigen,A_BC,MT-SP1,Fab Inhibitor S4,BC,A,true,true,True,True,
3nps_0970,3NPS,3nps_0970,1,antigen,0.47,experimental,A:F92A@antigen,antibody-antigen,A:F92A,A:F92A@antigen,A_BC,MT-SP1,Fab Inhibitor S4,BC,A,true,true,True,True,
3nps_0971,3NPS,3nps_0971,1,antigen,1.89,experimental,A:H138A@antigen,antibody-antigen,A:H138A,A:H138A@antigen,A_BC,MT-SP1,Fab Inhibitor S4,BC,A,true,true,True,True,
3nps_0972,3NPS,3nps_0972,1,antigen,0.65,experimental,A:I26A@antigen,antibody-antigen,A:I26A,A:I26A@antigen,A_BC,MT-SP1,Fab Inhibitor S4,BC,A,true,true,True,True,
3nps_0973,3NPS,3nps_0973,1,antigen,-0.34,experimental,A:I45A@antigen,antibody-antigen,A:I45A,A:I45A@antigen,A_BC,MT-SP1,Fab Inhibitor S4,BC,A,true,true,True,True,
3nps_0974,3NPS,3nps_0974,1,antigen,-0.1,experimental,A:K221A@antigen,antibody-antigen,A:K221A,A:K221A@antigen,A_BC,MT-SP1,Fab Inhibitor S4,BC,A,true,true,False,False,charge_changing_v1
3nps_0975,3NPS,3nps_0975,1,antigen,0.3,experimental,A:L147A@antigen,antibody-antigen,A:L147A,A:L147A@antigen,A_BC,MT-SP1,Fab Inhibitor S4,BC,A,true,true,True,True,
3nps_0976,3NPS,3nps_0976,1,antigen,0.26,experimental,A:N90A@antigen,antibody-antigen,A:N90A,A:N90A@antigen,A_BC,MT-SP1,Fab Inhibitor S4,BC,A,true,true,True,True,
3nps_0977,3NPS,3nps_0977,1,antigen,0.3,experimental,A:Q140A@antigen,antibody-antigen,A:Q140A,A:Q140A@antigen,A_BC,MT-SP1,Fab Inhibitor S4,BC,A,true,true,True,True,
3nps_0978,3NPS,3nps_0978,1,antigen,-0.06,experimental,A:Q168A@antigen,antibody-antigen,A:Q168A,A:Q168A@antigen,A_BC,MT-SP1,Fab Inhibitor S4,BC,A,true,true,True,True,
3nps_0979,3NPS,3nps_0979,1,antigen,0.75,experimental,A:Q169A@antigen,antibody-antigen,A:Q169A,A:Q169A@antigen,A_BC,MT-SP1,Fab Inhibitor S4,BC,A,true,true,True,True,
3nps_0980,3NPS,3nps_0980,1,antigen,-0.04,experimental,A:Q218A@antigen,antibody-antigen,A:Q218A,A:Q218A@antigen,A_BC,MT-SP1,Fab Inhibitor S4,BC,A,true,true,True,True,
3nps_0981,3NPS,3nps_0981,1,antigen,0.03,experimental,A:Q23A@antigen,antibody-antigen,A:Q23A,A:Q23A@antigen,A_BC,MT-SP1,Fab Inhibitor S4,BC,A,true,true,True,True,
3nps_0982,3NPS,3nps_0982,1,antigen,-0.08,experimental,A:R219A@antigen,antibody-antigen,A:R219A,A:R219A@antigen,A_BC,MT-SP1,Fab Inhibitor S4,BC,A,true,true,False,False,charge_changing_v1
3nps_0983,3NPS,3nps_0983,1,antigen,-1.07,experimental,A:R48A@antigen,antibody-antigen,A:R48A,A:R48A@antigen,A_BC,MT-SP1,Fab Inhibitor S4,BC,A,true,true,False,False,charge_changing_v1
3nps_0984,3NPS,3nps_0984,1,antigen,0.14,experimental,A:R51A@antigen,antibody-antigen,A:R51A,A:R51A@antigen,A_BC,MT-SP1,Fab Inhibitor S4,BC,A,true,true,False,False,charge_changing_v1
3nps_0985,3NPS,3nps_0985,1,antigen,-0.15,experimental,A:R82A@antigen,antibody-antigen,A:R82A,A:R82A@antigen,A_BC,MT-SP1,Fab Inhibitor S4,BC,A,true,true,False,False,charge_changing_v1
3nps_0986,3NPS,3nps_0986,1,antigen,0.18,experimental,A:T144A@antigen,antibody-antigen,A:T144A,A:T144A@antigen,A_BC,MT-SP1,Fab Inhibitor S4,BC,A,true,true,True,True,
3nps_0987,3NPS,3nps_0987,1,antigen,0.73,experimental,A:T93A@antigen,antibody-antigen,A:T93A,A:T93A@antigen,A_BC,MT-SP1,Fab Inhibitor S4,BC,A,true,true,True,True,
3nps_0988,3NPS,3nps_0988,1,antigen,1.79,experimental,A:Y141A@antigen,antibody-antigen,A:Y141A,A:Y141A@antigen,A_BC,MT-SP1,Fab Inhibitor S4,BC,A,true,true,True,True,
3nps_0989,3NPS,3nps_0989,1,antigen,0.46,experimental,A:Y52A@antigen,antibody-antigen,A:Y52A,A:Y52A@antigen,A_BC,MT-SP1,Fab Inhibitor S4,BC,A,true,true,True,True,
3wjj_0990,3WJJ,3wjj_0990,2,other,-0.08,experimental,"A:A327N,B:A327N",antibody-effector,"A:A327N,B:A327N","A:A327N,B:A327N",AB_C,IIb-sel Fc(P238D),FcgRIIb,,,true,true,False,False,non_antibody_antigen
3wjj_0991,3WJJ,3wjj_0991,2,other,0.56,experimental,"A:A327S,B:A327S",antibody-effector,"A:A327S,B:A327S","A:A327S,B:A327S",AB_C,IIb-sel Fc(P238D),FcgRIIb,,,true,true,False,False,non_antibody_antigen
3wjj_0992,3WJJ,3wjj_0992,2,other,2.32,experimental,"A:A330I,B:A330I",antibody-effector,"A:A330I,B:A330I","A:A330I,B:A330I",AB_C,IIb-sel Fc(P238D),FcgRIIb,,,true,true,False,False,non_antibody_antigen
3wjj_0993,3WJJ,3wjj_0993,2,other,0.57,experimental,"A:A330L,B:A330L",antibody-effector,"A:A330L,B:A330L","A:A330L,B:A330L",AB_C,IIb-sel Fc(P238D),FcgRIIb,,,true,true,False,False,non_antibody_antigen
3wjj_0994,3WJJ,3wjj_0994,4,other,-0.42,experimental,"A:A330L,B:A330L,A:I332E,B:I332E",antibody-effector,"A:A330L,B:A330L,A:I332E,B:I332E","A:A330L,B:A330L,A:I332E,B:I332E",AB_C,IIb-sel Fc(P238D),FcgRIIb,,,true,true,False,False,non_antibody_antigen;unsupported_mutation_count
3wjj_0995,3WJJ,3wjj_0995,2,other,0.17,experimental,"A:A330Y,B:A330Y",antibody-effector,"A:A330Y,B:A330Y","A:A330Y,B:A330Y",AB_C,IIb-sel Fc(P238D),FcgRIIb,,,true,true,False,False,non_antibody_antigen
3wjj_0996,3WJJ,3wjj_0996,4,other,-0.88,experimental,"A:A330Y,B:A330Y,A:I332E,B:I332E",antibody-effector,"A:A330Y,B:A330Y,A:I332E,B:I332E","A:A330Y,B:A330Y,A:I332E,B:I332E",AB_C,IIb-sel Fc(P238D),FcgRIIb,,,true,true,False,False,non_antibody_antigen;unsupported_mutation_count
3wjj_0997,3WJJ,3wjj_0997,2,other,-0.71,experimental,"A:I332D,B:I332D",antibody-effector,"A:I332D,B:I332D","A:I332D,B:I332D",AB_C,IIb-sel Fc(P238D),FcgRIIb,,,true,true,False,False,non_antibody_antigen
3wjj_0998,3WJJ,3wjj_0998,2,other,-0.81,experimental,"A:I332E,B:I332E",antibody-effector,"A:I332E,B:I332E","A:I332E,B:I332E",AB_C,IIb-sel Fc(P238D),FcgRIIb,,,true,true,False,False,non_antibody_antigen
3wjj_0999,3WJJ,3wjj_0999,2,other,-0.89,experimental,"A:S239D,B:S239D",antibody-effector,"A:S239D,B:S239D","A:S239D,B:S239D",AB_C,IIb-sel Fc(P238D),FcgRIIb,,,true,true,False,False,non_antibody_antigen
3wjj_1000,3WJJ,3wjj_1000,6,other,-1.2,experimental,"A:S239D,B:S239D,A:A330L,B:A330L,A:I332E,B:I332E",antibody-effector,"A:S239D,B:S239D,A:A330L,B:A330L,A:I332E,B:I332E","A:S239D,B:S239D,A:A330L,B:A330L,A:I332E,B:I332E",AB_C,IIb-sel Fc(P238D),FcgRIIb,,,true,true,False,False,non_antibody_antigen;unsupported_mutation_count
3wjj_1001,3WJJ,3wjj_1001,4,other,-1.77,experimental,"A:S239D,B:S239D,A:I332E,B:I332E",antibody-effector,"A:S239D,B:S239D,A:I332E,B:I332E","A:S239D,B:S239D,A:I332E,B:I332E",AB_C,IIb-sel Fc(P238D),FcgRIIb,,,true,true,False,False,non_antibody_antigen;unsupported_mutation_count
3wjj_1002,3WJJ,3wjj_1002,6,other,-1.08,experimental,"A:S239D,B:S239D,A:S298A,B:S298A,A:I332E,B:I332E",antibody-effector,"A:S239D,B:S239D,A:S298A,B:S298A,A:I332E,B:I332E","A:S239D,B:S239D,A:S298A,B:S298A,A:I332E,B:I332E",AB_C,IIb-sel Fc(P238D),FcgRIIb,,,true,true,False,False,non_antibody_antigen;unsupported_mutation_count
3wjj_1003,3WJJ,3wjj_1003,6,other,-1.58,experimental,"A:S239D,B:S239D,A:V264I,B:V264I,A:I332E,B:I332E",antibody-effector,"A:S239D,B:S239D,A:V264I,B:V264I,A:I332E,B:I332E","A:S239D,B:S239D,A:V264I,B:V264I,A:I332E,B:I332E",AB_C,IIb-sel Fc(P238D),FcgRIIb,,,true,true,False,False,non_antibody_antigen;unsupported_mutation_count
3wjj_1004,3WJJ,3wjj_1004,4,other,-0.74,experimental,"A:S239E,B:S239E,A:I332E,B:I332E",antibody-effector,"A:S239E,B:S239E,A:I332E,B:I332E","A:S239E,B:S239E,A:I332E,B:I332E",AB_C,IIb-sel Fc(P238D),FcgRIIb,,,true,true,False,False,non_antibody_antigen;unsupported_mutation_count
3wjj_1005,3WJJ,3wjj_1005,6,other,-0.97,experimental,"A:S239N,B:S239N,A:S298A,B:S298A,A:I332E,B:I332E",antibody-effector,"A:S239N,B:S239N,A:S298A,B:S298A,A:I332E,B:I332E","A:S239N,B:S239N,A:S298A,B:S298A,A:I332E,B:I332E",AB_C,IIb-sel Fc(P238D),FcgRIIb,,,true,true,False,False,non_antibody_antigen;unsupported_mutation_count
3wjj_1006,3WJJ,3wjj_1006,4,other,-0.92,experimental,"A:S239Q,B:S239Q,A:I332E,B:I332E",antibody-effector,"A:S239Q,B:S239Q,A:I332E,B:I332E","A:S239Q,B:S239Q,A:I332E,B:I332E",AB_C,IIb-sel Fc(P238D),FcgRIIb,,,true,true,False,False,non_antibody_antigen;unsupported_mutation_count
3wjj_1007,3WJJ,3wjj_1007,2,other,1.17,experimental,"A:V240A,B:V240A",antibody-effector,"A:V240A,B:V240A","A:V240A,B:V240A",AB_C,IIb-sel Fc(P238D),FcgRIIb,,,true,true,False,False,non_antibody_antigen
3wjj_1008,3WJJ,3wjj_1008,2,other,-0.19,experimental,"A:V240M,B:V240M",antibody-effector,"A:V240M,B:V240M","A:V240M,B:V240M",AB_C,IIb-sel Fc(P238D),FcgRIIb,,,true,true,False,False,non_antibody_antigen
3wjj_1009,3WJJ,3wjj_1009,6,other,-0.34,experimental,"A:V264I,B:V264I,A:A330L,B:A330L,A:I332E,B:I332E",antibody-effector,"A:V264I,B:V264I,A:A330L,B:A330L,A:I332E,B:I332E","A:V264I,B:V264I,A:A330L,B:A330L,A:I332E,B:I332E",AB_C,IIb-sel Fc(P238D),FcgRIIb,,,true,true,False,False,non_antibody_antigen;unsupported_mutation_count
3wjj_1010,3WJJ,3wjj_1010,6,other,-0.75,experimental,"A:V264I,B:V264I,A:A330Y,B:A330Y,A:I332E,B:I332E",antibody-effector,"A:V264I,B:V264I,A:A330Y,B:A330Y,A:I332E,B:I332E","A:V264I,B:V264I,A:A330Y,B:A330Y,A:I332E,B:I332E",AB_C,IIb-sel Fc(P238D),FcgRIIb,,,true,true,False,False,non_antibody_antigen;unsupported_mutation_count
3wjj_1011,3WJJ,3wjj_1011,4,other,-0.27,experimental,"A:V264I,B:V264I,A:I332E,B:I332E",antibody-effector,"A:V264I,B:V264I,A:I332E,B:I332E","A:V264I,B:V264I,A:I332E,B:I332E",AB_C,IIb-sel Fc(P238D),FcgRIIb,,,true,true,False,False,non_antibody_antigen;unsupported_mutation_count
3wjj_1012,3WJJ,3wjj_1012,2,other,0.78,experimental,"A:V264Y,B:V264Y",antibody-effector,"A:V264Y,B:V264Y","A:V264Y,B:V264Y",AB_C,IIb-sel Fc(P238D),FcgRIIb,,,true,true,False,False,non_antibody_antigen
3wjj_1013,3WJJ,3wjj_1013,2,other,-0.06,experimental,"A:Y296E,B:Y296E",antibody-effector,"A:Y296E,B:Y296E","A:Y296E,B:Y296E",AB_C,IIb-sel Fc(P238D),FcgRIIb,,,true,true,False,False,non_antibody_antigen
3wjj_1014,3WJJ,3wjj_1014,2,other,0.5,experimental,"A:Y296Q,B:Y296Q",antibody-effector,"A:Y296Q,B:Y296Q","A:Y296Q,B:Y296Q",AB_C,IIb-sel Fc(P238D),FcgRIIb,,,true,true,False,False,non_antibody_antigen
hm_1ktz_1015,HM_1KTZ,hm_1ktz_1015,1,other,0.8,homology_model,B:D118A,other,B:D118A,B:D118A,A_B,TGF-beta type-II R,TGF-beta1,,,true,true,False,False,non_antibody_antigen;non_experimental_structure
hm_1ktz_1016,HM_1KTZ,hm_1ktz_1016,1,other,1.5,homology_model,B:D32A,other,B:D32A,B:D32A,A_B,TGF-beta type-II R,TGF-beta1,,,true,true,False,False,non_antibody_antigen;non_experimental_structure
hm_1ktz_1017,HM_1KTZ,hm_1ktz_1017,1,other,2,homology_model,B:D32N,other,B:D32N,B:D32N,A_B,TGF-beta type-II R,TGF-beta1,,,true,true,False,False,non_antibody_antigen;non_experimental_structure
hm_1ktz_1018,HM_1KTZ,hm_1ktz_1018,1,other,1.5,homology_model,B:E119A,other,B:E119A,B:E119A,A_B,TGF-beta type-II R,TGF-beta1,,,true,true,False,False,non_antibody_antigen;non_experimental_structure
hm_1ktz_1019,HM_1KTZ,hm_1ktz_1019,1,other,1.6,homology_model,B:E119Q,other,B:E119Q,B:E119Q,A_B,TGF-beta type-II R,TGF-beta1,,,true,true,False,False,non_antibody_antigen;non_experimental_structure
hm_1ktz_1020,HM_1KTZ,hm_1ktz_1020,1,other,1.2,homology_model,B:E55A,other,B:E55A,B:E55A,A_B,TGF-beta type-II R,TGF-beta1,,,true,true,False,False,non_antibody_antigen;non_experimental_structure
hm_1ktz_1021,HM_1KTZ,hm_1ktz_1021,1,other,1.1,homology_model,B:E75A,other,B:E75A,B:E75A,A_B,TGF-beta type-II R,TGF-beta1,,,true,true,False,False,non_antibody_antigen;non_experimental_structure
hm_1ktz_1022,HM_1KTZ,hm_1ktz_1022,1,other,0.9,homology_model,B:F110A,other,B:F110A,B:F110A,A_B,TGF-beta type-II R,TGF-beta1,,,true,true,False,False,non_antibody_antigen;non_experimental_structure
hm_1ktz_1023,HM_1KTZ,hm_1ktz_1023,1,other,3,homology_model,B:F30A,other,B:F30A,B:F30A,A_B,TGF-beta type-II R,TGF-beta1,,,true,true,False,False,non_antibody_antigen;non_experimental_structure
hm_1ktz_1024,HM_1KTZ,hm_1ktz_1024,1,other,0.3,homology_model,B:H79A,other,B:H79A,B:H79A,A_B,TGF-beta type-II R,TGF-beta1,,,true,true,False,False,non_antibody_antigen;non_experimental_structure
hm_1ktz_1025,HM_1KTZ,hm_1ktz_1025,1,other,0.5,homology_model,B:I125A,other,B:I125A,B:I125A,A_B,TGF-beta type-II R,TGF-beta1,,,true,true,False,False,non_antibody_antigen;non_experimental_structure
hm_1ktz_1026,HM_1KTZ,hm_1ktz_1026,1,other,1.9,homology_model,B:I50A,other,B:I50A,B:I50A,A_B,TGF-beta type-II R,TGF-beta1,,,true,true,False,False,non_antibody_antigen;non_experimental_structure
hm_1ktz_1027,HM_1KTZ,hm_1ktz_1027,1,other,1.4,homology_model,B:I53A,other,B:I53A,B:I53A,A_B,TGF-beta type-II R,TGF-beta1,,,true,true,False,False,non_antibody_antigen;non_experimental_structure
hm_1ktz_1028,HM_1KTZ,hm_1ktz_1028,1,other,1.8,homology_model,B:L27A,other,B:L27A,B:L27A,A_B,TGF-beta type-II R,TGF-beta1,,,true,true,False,False,non_antibody_antigen;non_experimental_structure
hm_1ktz_1029,HM_1KTZ,hm_1ktz_1029,1,other,0.9,homology_model,B:M112A,other,B:M112A,B:M112A,A_B,TGF-beta type-II R,TGF-beta1,,,true,true,False,False,non_antibody_antigen;non_experimental_structure
hm_1ktz_1030,HM_1KTZ,hm_1ktz_1030,1,other,0.3,homology_model,B:N47A,other,B:N47A,B:N47A,A_B,TGF-beta type-II R,TGF-beta1,,,true,true,False,False,non_antibody_antigen;non_experimental_structure
hm_1ktz_1031,HM_1KTZ,hm_1ktz_1031,1,other,0.3,homology_model,B:S49A,other,B:S49A,B:S49A,A_B,TGF-beta type-II R,TGF-beta1,,,true,true,False,False,non_antibody_antigen;non_experimental_structure
hm_1ktz_1032,HM_1KTZ,hm_1ktz_1032,1,other,0.2,homology_model,B:S52A,other,B:S52A,B:S52A,A_B,TGF-beta type-II R,TGF-beta1,,,true,true,False,False,non_antibody_antigen;non_experimental_structure
hm_1ktz_1033,HM_1KTZ,hm_1ktz_1033,1,other,4,homology_model,B:S52L,other,B:S52L,B:S52L,A_B,TGF-beta type-II R,TGF-beta1,,,true,true,False,False,non_antibody_antigen;non_experimental_structure
hm_1ktz_1034,HM_1KTZ,hm_1ktz_1034,1,other,1.5,homology_model,B:T51A,other,B:T51A,B:T51A,A_B,TGF-beta type-II R,TGF-beta1,,,true,true,False,False,non_antibody_antigen;non_experimental_structure
hm_1ktz_1035,HM_1KTZ,hm_1ktz_1035,1,other,0.7,homology_model,B:V62A,other,B:V62A,B:V62A,A_B,TGF-beta type-II R,TGF-beta1,,,true,true,False,False,non_antibody_antigen;non_experimental_structure
hm_1ktz_1036,HM_1KTZ,hm_1ktz_1036,1,other,0.4,homology_model,B:V77A,other,B:V77A,B:V77A,A_B,TGF-beta type-II R,TGF-beta1,,,true,true,False,False,non_antibody_antigen;non_experimental_structure
hm_1yy9_1037,HM_1YY9,hm_1yy9_1037,1,antibody,-0.23,homology_model,H:A98W@antibody,antibody-antigen,H:A98W,H:A98W@antibody,A_HL,EGFR,hu225,HL,A,true,true,False,False,non_experimental_structure
hm_1yy9_1038,HM_1YY9,hm_1yy9_1038,1,antibody,-0.89,homology_model,H:G33D@antibody,antibody-antigen,H:G33D,H:G33D@antibody,A_HL,EGFR,hu225,HL,A,true,true,False,False,non_experimental_structure;charge_changing_v1
hm_1yy9_1039,HM_1YY9,hm_1yy9_1039,1,antibody,-0.51,homology_model,H:I51G@antibody,antibody-antigen,H:I51G,H:I51G@antibody,A_HL,EGFR,hu225,HL,A,true,true,False,False,non_experimental_structure
hm_1yy9_1040,HM_1YY9,hm_1yy9_1040,1,antibody,-0.99,homology_model,H:R97D@antibody,antibody-antigen,H:R97D,H:R97D@antibody,A_HL,EGFR,hu225,HL,A,true,true,False,False,non_experimental_structure;charge_changing_v1
hm_1yy9_1041,HM_1YY9,hm_1yy9_1041,1,antibody,-0.45,homology_model,H:T100Y@antibody,antibody-antigen,H:T100Y,H:T100Y@antibody,A_HL,EGFR,hu225,HL,A,true,true,False,False,non_experimental_structure
hm_1yy9_1042,HM_1YY9,hm_1yy9_1042,1,antibody,-0.46,homology_model,H:T57G@antibody,antibody-antigen,H:T57G,H:T57G@antibody,A_HL,EGFR,hu225,HL,A,true,true,False,False,non_experimental_structure
hm_1yy9_1043,HM_1YY9,hm_1yy9_1043,1,antibody,-0.48,homology_model,H:T57P@antibody,antibody-antigen,H:T57P,H:T57P@antibody,A_HL,EGFR,hu225,HL,A,true,true,False,False,non_experimental_structure
hm_1yy9_1044,HM_1YY9,hm_1yy9_1044,1,antibody,-0.6,homology_model,H:V50L@antibody,antibody-antigen,H:V50L,H:V50L@antibody,A_HL,EGFR,hu225,HL,A,true,true,False,False,non_experimental_structure
hm_1yy9_1045,HM_1YY9,hm_1yy9_1045,1,antibody,-0.64,homology_model,H:V50Q@antibody,antibody-antigen,H:V50Q,H:V50Q@antibody,A_HL,EGFR,hu225,HL,A,true,true,False,False,non_experimental_structure
hm_1yy9_1046,HM_1YY9,hm_1yy9_1046,1,antibody,-0.13,homology_model,H:Y32R@antibody,antibody-antigen,H:Y32R,H:Y32R@antibody,A_HL,EGFR,hu225,HL,A,true,true,False,False,non_experimental_structure;charge_changing_v1
hm_1yy9_1047,HM_1YY9,hm_1yy9_1047,1,antibody,-0.62,homology_model,L:A25V@antibody,antibody-antigen,L:A25V,L:A25V@antibody,A_HL,EGFR,hu225,HL,A,true,true,False,False,non_experimental_structure
hm_1yy9_1048,HM_1YY9,hm_1yy9_1048,1,antibody,-0.92,homology_model,L:G30Y@antibody,antibody-antigen,L:G30Y,L:G30Y@antibody,A_HL,EGFR,hu225,HL,A,true,true,False,False,non_experimental_structure
hm_1yy9_1049,HM_1YY9,hm_1yy9_1049,1,antibody,-0.83,homology_model,L:Q27Y@antibody,antibody-antigen,L:Q27Y,L:Q27Y@antibody,A_HL,EGFR,hu225,HL,A,true,true,False,False,non_experimental_structure
hm_1yy9_1050,HM_1YY9,hm_1yy9_1050,1,antibody,-0.51,homology_model,L:T97C@antibody,antibody-antigen,L:T97C,L:T97C@antibody,A_HL,EGFR,hu225,HL,A,true,true,False,False,non_experimental_structure
hm_1yy9_1051,HM_1YY9,hm_1yy9_1051,1,antibody,-0.66,homology_model,L:T97D@antibody,antibody-antigen,L:T97D,L:T97D@antibody,A_HL,EGFR,hu225,HL,A,true,true,False,False,non_experimental_structure;charge_changing_v1
hm_1yy9_1052,HM_1YY9,hm_1yy9_1052,1,antibody,-0.7,homology_model,L:T97S@antibody,antibody-antigen,L:T97S,L:T97S@antibody,A_HL,EGFR,hu225,HL,A,true,true,False,False,non_experimental_structure
hm_2nyy_1053,HM_2NYY,hm_2nyy_1053,1,antigen,-0.14,homology_model,A:D1062A@antigen,antibody-antigen,A:D1062A,A:D1062A@antigen,A_HL,Bont/A2,mAb CR1,HL,A,true,true,False,False,non_experimental_structure;charge_changing_v1
hm_2nyy_1054,HM_2NYY,hm_2nyy_1054,1,antigen,-0.49,homology_model,A:D902A@antigen,antibody-antigen,A:D902A,A:D902A@antigen,A_HL,Bont/A2,mAb CR1,HL,A,true,true,False,False,non_experimental_structure;charge_changing_v1
hm_2nyy_1055,HM_2NYY,hm_2nyy_1055,1,antigen,0.5,homology_model,A:E920A@antigen,antibody-antigen,A:E920A,A:E920A@antigen,A_HL,Bont/A2,mAb CR1,HL,A,true,true,False,False,non_experimental_structure;charge_changing_v1
hm_2nyy_1056,HM_2NYY,hm_2nyy_1056,1,antigen,1.53,homology_model,A:F953A@antigen,antibody-antigen,A:F953A,A:F953A@antigen,A_HL,Bont/A2,mAb CR1,HL,A,true,true,False,False,non_experimental_structure
hm_2nyy_1057,HM_2NYY,hm_2nyy_1057,1,antigen,0.95,homology_model,A:I917A@antigen,antibody-antigen,A:I917A,A:I917A@antigen,A_HL,Bont/A2,mAb CR1,HL,A,true,true,False,False,non_experimental_structure
hm_2nyy_1058,HM_2NYY,hm_2nyy_1058,1,antigen,-0.31,homology_model,A:K915A@antigen,antibody-antigen,A:K915A,A:K915A@antigen,A_HL,Bont/A2,mAb CR1,HL,A,true,true,False,False,non_experimental_structure;charge_changing_v1
hm_2nyy_1059,HM_2NYY,hm_2nyy_1059,1,antigen,-0.5,homology_model,A:K955A@antigen,antibody-antigen,A:K955A,A:K955A@antigen,A_HL,Bont/A2,mAb CR1,HL,A,true,true,False,False,non_experimental_structure;charge_changing_v1
hm_2nyy_1060,HM_2NYY,hm_2nyy_1060,1,antigen,0.41,homology_model,A:L919A@antigen,antibody-antigen,A:L919A,A:L919A@antigen,A_HL,Bont/A2,mAb CR1,HL,A,true,true,False,False,non_experimental_structure
hm_2nyy_1061,HM_2NYY,hm_2nyy_1061,1,antigen,0.3,homology_model,A:N918A@antigen,antibody-antigen,A:N918A,A:N918A@antigen,A_HL,Bont/A2,mAb CR1,HL,A,true,true,False,False,non_experimental_structure
hm_2nyy_1062,HM_2NYY,hm_2nyy_1062,1,antigen,0.01,homology_model,A:N957A@antigen,antibody-antigen,A:N957A,A:N957A@antigen,A_HL,Bont/A2,mAb CR1,HL,A,true,true,False,False,non_experimental_structure
hm_2nyy_1063,HM_2NYY,hm_2nyy_1063,1,antigen,0.24,homology_model,A:P1063A@antigen,antibody-antigen,A:P1063A,A:P1063A@antigen,A_HL,Bont/A2,mAb CR1,HL,A,true,true,False,False,non_experimental_structure
hm_2nyy_1064,HM_2NYY,hm_2nyy_1064,1,antigen,0.58,homology_model,A:R1061A@antigen,antibody-antigen,A:R1061A,A:R1061A@antigen,A_HL,Bont/A2,mAb CR1,HL,A,true,true,False,False,non_experimental_structure;charge_changing_v1
hm_2nyy_1065,HM_2NYY,hm_2nyy_1065,1,antigen,4.44,homology_model,A:R1064A@antigen,antibody-antigen,A:R1064A,A:R1064A@antigen,A_HL,Bont/A2,mAb CR1,HL,A,true,true,False,False,non_experimental_structure;charge_changing_v1
hm_2nyy_1066,HM_2NYY,hm_2nyy_1066,1,antigen,-0.02,homology_model,A:R903A@antigen,antibody-antigen,A:R903A,A:R903A@antigen,A_HL,Bont/A2,mAb CR1,HL,A,true,true,False,False,non_experimental_structure;charge_changing_v1
hm_2nyy_1067,HM_2NYY,hm_2nyy_1067,1,antigen,-0.66,homology_model,A:S954A@antigen,antibody-antigen,A:S954A,A:S954A@antigen,A_HL,Bont/A2,mAb CR1,HL,A,true,true,False,False,non_experimental_structure
hm_2nyy_1068,HM_2NYY,hm_2nyy_1068,1,antigen,0.62,homology_model,A:T923A@antigen,antibody-antigen,A:T923A,A:T923A@antigen,A_HL,Bont/A2,mAb CR1,HL,A,true,true,False,False,non_experimental_structure
hm_2nyy_1069,HM_2NYY,hm_2nyy_1069,1,antibody,0.51,homology_model,H:K30R@antibody,antibody-antigen,H:K30R,H:K30R@antibody,A_HL,Bont/A2,mAb CR1,HL,A,true,true,False,False,non_experimental_structure
hm_2nyy_1070,HM_2NYY,hm_2nyy_1070,1,antibody,-0.01,homology_model,H:M34Q@antibody,antibody-antigen,H:M34Q,H:M34Q@antibody,A_HL,Bont/A2,mAb CR1,HL,A,true,true,False,False,non_experimental_structure
hm_2nyy_1071,HM_2NYY,hm_2nyy_1071,1,antibody,0.97,homology_model,H:Y31D@antibody,antibody-antigen,H:Y31D,H:Y31D@antibody,A_HL,Bont/A2,mAb CR1,HL,A,true,true,False,False,non_experimental_structure;charge_changing_v1
hm_2nyy_1072,HM_2NYY,hm_2nyy_1072,1,antibody,1.33,homology_model,H:Y31Q@antibody,antibody-antigen,H:Y31Q,H:Y31Q@antibody,A_HL,Bont/A2,mAb CR1,HL,A,true,true,False,False,non_experimental_structure
hm_2nyy_1073,HM_2NYY,hm_2nyy_1073,1,antibody,1.19,homology_model,H:Y57Q@antibody,antibody-antigen,H:Y57Q,H:Y57Q@antibody,A_HL,Bont/A2,mAb CR1,HL,A,true,true,False,False,non_experimental_structure
hm_2nyy_1074,HM_2NYY,hm_2nyy_1074,1,antibody,0.6,homology_model,L:D30Y@antibody,antibody-antigen,L:D30Y,L:D30Y@antibody,A_HL,Bont/A2,mAb CR1,HL,A,true,true,False,False,non_experimental_structure;charge_changing_v1
hm_2nyy_1075,HM_2NYY,hm_2nyy_1075,1,antibody,0.63,homology_model,L:H34R@antibody,antibody-antigen,L:H34R,L:H34R@antibody,A_HL,Bont/A2,mAb CR1,HL,A,true,true,False,False,non_experimental_structure;charge_changing_v1
hm_2nyy_1076,HM_2NYY,hm_2nyy_1076,1,antibody,0.7,homology_model,L:S28Q@antibody,antibody-antigen,L:S28Q,L:S28Q@antibody,A_HL,Bont/A2,mAb CR1,HL,A,true,true,False,False,non_experimental_structure
hm_2nyy_1077,HM_2NYY,hm_2nyy_1077,1,antibody,1.2,homology_model,L:S31N@antibody,antibody-antigen,L:S31N,L:S31N@antibody,A_HL,Bont/A2,mAb CR1,HL,A,true,true,False,False,non_experimental_structure
hm_2nz9_1078,HM_2NZ9,hm_2nz9_1078,1,antigen,-0.14,homology_model,A:D1062A@antigen,antibody-antigen,A:D1062A,A:D1062A@antigen,A_HL,Bont/A2,mAb AR2,HL,A,true,true,False,False,non_experimental_structure;charge_changing_v1
hm_2nz9_1079,HM_2NZ9,hm_2nz9_1079,1,antigen,-0.49,homology_model,A:D902A@antigen,antibody-antigen,A:D902A,A:D902A@antigen,A_HL,Bont/A2,mAb AR2,HL,A,true,true,False,False,non_experimental_structure;charge_changing_v1
hm_2nz9_1080,HM_2NZ9,hm_2nz9_1080,1,antigen,0.5,homology_model,A:E920A@antigen,antibody-antigen,A:E920A,A:E920A@antigen,A_HL,Bont/A2,mAb AR2,HL,A,true,true,False,False,non_experimental_structure;charge_changing_v1
hm_2nz9_1081,HM_2NZ9,hm_2nz9_1081,1,antigen,1.53,homology_model,A:F953A@antigen,antibody-antigen,A:F953A,A:F953A@antigen,A_HL,Bont/A2,mAb AR2,HL,A,true,true,False,False,non_experimental_structure
hm_2nz9_1082,HM_2NZ9,hm_2nz9_1082,1,antigen,0.95,homology_model,A:I917A@antigen,antibody-antigen,A:I917A,A:I917A@antigen,A_HL,Bont/A2,mAb AR2,HL,A,true,true,False,False,non_experimental_structure
hm_2nz9_1083,HM_2NZ9,hm_2nz9_1083,1,antigen,-0.31,homology_model,A:K915A@antigen,antibody-antigen,A:K915A,A:K915A@antigen,A_HL,Bont/A2,mAb AR2,HL,A,true,true,False,False,non_experimental_structure;charge_changing_v1
hm_2nz9_1084,HM_2NZ9,hm_2nz9_1084,1,antigen,-0.5,homology_model,A:K955A@antigen,antibody-antigen,A:K955A,A:K955A@antigen,A_HL,Bont/A2,mAb AR2,HL,A,true,true,False,False,non_experimental_structure;charge_changing_v1
hm_2nz9_1085,HM_2NZ9,hm_2nz9_1085,1,antigen,0.41,homology_model,A:L919A@antigen,antibody-antigen,A:L919A,A:L919A@antigen,A_HL,Bont/A2,mAb AR2,HL,A,true,true,False,False,non_experimental_structure
hm_2nz9_1086,HM_2NZ9,hm_2nz9_1086,1,antigen,0.3,homology_model,A:N918A@antigen,antibody-antigen,A:N918A,A:N918A@antigen,A_HL,Bont/A2,mAb AR2,HL,A,true,true,False,False,non_experimental_structure
hm_2nz9_1087,HM_2NZ9,hm_2nz9_1087,1,antigen,0.01,homology_model,A:N957A@antigen,antibody-antigen,A:N957A,A:N957A@antigen,A_HL,Bont/A2,mAb AR2,HL,A,true,true,False,False,non_experimental_structure
hm_2nz9_1088,HM_2NZ9,hm_2nz9_1088,1,antigen,0.24,homology_model,A:P1063A@antigen,antibody-antigen,A:P1063A,A:P1063A@antigen,A_HL,Bont/A2,mAb AR2,HL,A,true,true,False,False,non_experimental_structure
hm_2nz9_1089,HM_2NZ9,hm_2nz9_1089,1,antigen,0.58,homology_model,A:R1061A@antigen,antibody-antigen,A:R1061A,A:R1061A@antigen,A_HL,Bont/A2,mAb AR2,HL,A,true,true,False,False,non_experimental_structure;charge_changing_v1
hm_2nz9_1090,HM_2NZ9,hm_2nz9_1090,1,antigen,4.44,homology_model,A:R1064A@antigen,antibody-antigen,A:R1064A,A:R1064A@antigen,A_HL,Bont/A2,mAb AR2,HL,A,true,true,False,False,non_experimental_structure;charge_changing_v1
hm_2nz9_1091,HM_2NZ9,hm_2nz9_1091,1,antigen,-0.02,homology_model,A:R903A@antigen,antibody-antigen,A:R903A,A:R903A@antigen,A_HL,Bont/A2,mAb AR2,HL,A,true,true,False,False,non_experimental_structure;charge_changing_v1
hm_2nz9_1092,HM_2NZ9,hm_2nz9_1092,1,antigen,-0.66,homology_model,A:S954A@antigen,antibody-antigen,A:S954A,A:S954A@antigen,A_HL,Bont/A2,mAb AR2,HL,A,true,true,False,False,non_experimental_structure
hm_2nz9_1093,HM_2NZ9,hm_2nz9_1093,1,antigen,0.62,homology_model,A:T923A@antigen,antibody-antigen,A:T923A,A:T923A@antigen,A_HL,Bont/A2,mAb AR2,HL,A,true,true,False,False,non_experimental_structure
hm_3bn9_1094,HM_3BN9,hm_3bn9_1094,1,antibody,1.36,homology_model,H:P100H@antibody,antibody-antigen,H:P100H,H:P100H@antibody,A_HL,Epithin,Fab Inhibitor E2,HL,A,true,true,False,False,non_experimental_structure
hm_3bn9_1095,HM_3BN9,hm_3bn9_1095,1,antibody,0.41,homology_model,H:Q100AV@antibody,antibody-antigen,H:Q100aV,H:Q100AV@antibody,A_HL,Epithin,Fab Inhibitor E2,HL,A,true,true,False,False,non_experimental_structure
hm_3bn9_1096,HM_3BN9,hm_3bn9_1096,1,antibody,0.71,homology_model,H:S30G@antibody,antibody-antigen,H:S30G,H:S30G@antibody,A_HL,Epithin,Fab Inhibitor E2,HL,A,true,true,False,False,non_experimental_structure
hm_3bn9_1097,HM_3BN9,hm_3bn9_1097,1,antibody,0.71,homology_model,H:S30N@antibody,antibody-antigen,H:S30N,H:S30N@antibody,A_HL,Epithin,Fab Inhibitor E2,HL,A,true,true,False,False,non_experimental_structure
hm_3bn9_1098,HM_3BN9,hm_3bn9_1098,1,antibody,-0.24,homology_model,H:T28R@antibody,antibody-antigen,H:T28R,H:T28R@antibody,A_HL,Epithin,Fab Inhibitor E2,HL,A,true,true,False,False,non_experimental_structure;charge_changing_v1
hm_3bn9_1099,HM_3BN9,hm_3bn9_1099,1,antibody,-0.16,homology_model,H:T98Q@antibody,antibody-antigen,H:T98Q,H:T98Q@antibody,A_HL,Epithin,Fab Inhibitor E2,HL,A,true,true,False,False,non_experimental_structure
hm_3bn9_1100,HM_3BN9,hm_3bn9_1100,1,antibody,-1.57,homology_model,H:T98R@antibody,antibody-antigen,H:T98R,H:T98R@antibody,A_HL,Epithin,Fab Inhibitor E2,HL,A,true,true,False,False,non_experimental_structure;charge_changing_v1
hm_3bn9_1101,HM_3BN9,hm_3bn9_1101,1,antibody,0.54,homology_model,H:Y99S@antibody,antibody-antigen,H:Y99S,H:Y99S@antibody,A_HL,Epithin,Fab Inhibitor E2,HL,A,true,true,False,False,non_experimental_structure
